Workbook

Sheet Dado Bruto
A2: 1 | B2: -> | D2: E91 | E2: 1.5264 | F2: 1.0866 | G2: E92 | H2: 0 | I2: 0
A3: =A2+1 -> 2 | B3: -> | D3: E1 | E3: I1 | F3: e | G3: E0 | H3: Terra
A4: =A3+1 -> 3 | B4: -> | D4: E0 | E4: 0.1079 | F4: 0.0984 | G4: E1 | H4: 1.0379 | I4: 0.8064 | J4: E2 | K4: 0.2812 | L4: 0.247 | M4: E3 | N4: 0.7971 | O4: 0.5988 | P4: E4 | Q4: 0.2839 | R4: 0.2535 | S4: E5 | T4: 0.7933 | U4: 0.5959 | V4: E6 | W4: 0.2837 | X4: 0.2438 | Y4: E7 | Z4: 0.7922 | AA4: 0.5954 | AB4: 0.7
A5: =A4+1 -> 4 | B5: -> | D5: E2 | E5: I1 | F5: e | G5: E1 | H5: Terra
A6: =A5+1 -> 5 | B6: -> | D6: E0 | E6: 0.879 | F6: 0.6562 | G6: E1 | H6: 0.1083 | I6: 0.0949 | J6: E2 | K6: 0.9499 | L6: 0.7213 | M6: E3 | N6: 0.3684 | O6: 0.3206 | P6: E4 | Q6: 0.8845 | R6: 0.6592 | S6: E5 | T6: 0.3699 | U6: 0.3274 | V6: E6 | W6: 0.8736 | X6: 0.6356 | Y6: E7 | Z6: 0.372 | AA6: 0.3263 | AB6: 0.3449
A7: =A6+1 -> 6 | B7: -> | D7: E3 | E7: I1 | F7: e | G7: E2 | H7: Terra
A8: =A7+1 -> 7 | B8: -> | D8: E0 | E8: 0.182 | F8: 0.1653 | G8: E1 | H8: 0.6994 | I8: 0.5305 | J8: E2 | K8: 0.1101 | L8: 0.0982 | M8: E3 | N8: 0.8185 | O8: 0.6357 | P8: E4 | Q8: 0.1858 | R8: 0.1727 | S8: E5 | T8: 0.6951 | U8: 0.527 | V8: E6 | W8: 0.1874 | X8: 0.1629 | Y8: E7 | Z8: 0.6959 | AA8: 0.5208 | AB8: 0.6287
A9: =A8+1 -> 8 | B9: -> | D9: E4 | E9: I1 | F9: e | G9: E3 | H9: Terra
A10: =A9+1 -> 9 | B10: -> | D10: E0 | E10: 0.753 | F10: 0.5763 | G10: E1 | H10: 0.2337 | I10: 0.2024 | J10: E2 | K10: 0.7412 | L10: 0.5508 | M10: E3 | N10: 0.1047 | O10: 0.091 | P10: E4 | Q10: 0.8823 | R10: 0.6719 | S10: E5 | T10: 0.2332 | U10: 0.2061 | V10: E6 | W10: 0.7421 | X10: 0.5516 | Y10: E7 | Z10: 0.2316 | AA10: 0.2185 | AB10: 0.2172
A11: =A10+1 -> 10 | B11: -> | D11: E5 | E11: I1 | F11: e | G11: E4 | H11: Terra
A12: =A11+1 -> 11 | B12: -> | D12: E0 | E12: 0.2442 | F12: 0.2204 | G12: E1 | H12: 0.7491 | I12: 0.5768 | J12: E2 | K12: 0.2436 | L12: 0.2139 | M12: E3 | N12: 0.7589 | O12: 0.5701 | P12: E4 | Q12: 0.1076 | R12: 0.0943 | S12: E5 | T12: 0.9839 | U12: 0.7657 | V12: E6 | W12: 0.2451 | X12: 0.2202 | Y12: E7 | Z12: 0.7565 | AA12: 0.5669 | AB12: 0.6787
A13: =A12+1 -> 12 | B13: -> | D13: E6 | E13: I1 | F13: e | G13: E5 | H13: Terra
A14: =A13+1 -> 13 | B14: -> | D14: E0 | E14: 0.8567 | F14: 0.6436 | G14: E1 | H14: 0.345 | I14: 0.3043 | J14: E2 | K14: 0.8549 | L14: 0.6414 | M14: E3 | N14: 0.3462 | O14: 0.3036 | P14: E4 | Q14: 0.8564 | R14: 0.6433 | S14: E5 | T14: 0.1042 | U14: 0.0901 | V14: E6 | W14: 0.9156 | X14: 0.6937 | Y14: E7 | Z14: 0.3458 | AA14: 0.3122 | AB14: 0.3222
A15: =A14+1 -> 14 | B15: -> | D15: E7 | E15: I1 | F15: e | G15: E6 | H15: Terra
A16: =A15+1 -> 15 | B16: -> | D16: E0 | E16: 0.1713 | F16: 0.1623 | G16: E1 | H16: 0.682 | I16: 0.5044 | J16: E2 | K16: 0.1679 | L16: 0.1498 | M16: E3 | N16: 0.6823 | O16: 0.5064 | P16: E4 | Q16: 0.1697 | R16: 0.1526 | S16: E5 | T16: 0.6797 | U16: 0.5016 | V16: E6 | W16: 0.1055 | X16: 0.0932 | Y16: E7 | Z16: 1.018 | AA16: 0.7902 | AB16: 0.8674
A17: =A16+1 -> 16 | B17: -> | D17: E0 | E17: I1 | F17: e | G17: E7 | H17: Terra
A18: =A17+1 -> 17 | B18: -> | D18: E0 | E18: 1.0814 | F18: 0.7956 | G18: E1 | H18: 0.4504 | I18: 0.3746 | J18: E2 | K18: 0.9419 | L18: 0.6982 | M18: E3 | N18: 0.4518 | O18: 0.393 | P18: E4 | Q18: 0.9466 | R18: 0.7178 | S18: E5 | T18: 0.4487 | U18: 0.3874 | V18: E6 | W18: 0.9511 | X18: 0.7056 | Y18: E7 | Z18: 0.105 | AA18: 0.092 | AB18: 0.0953
A19: =A18+1 -> 18
A20: =A19+1 -> 19
A21: =A20+1 -> 20
A22: =A21+1 -> 21 | B22: -> | D22: E91 | E22: 1.5277 | F22: 1.0574 | G22: E92 | H22: 0 | I22: 0
A23: =A22+1 -> 22 | B23: -> | D23: E1 | E23: I1 | F23: e | G23: E0 | H23: Terra
A24: =A23+1 -> 23 | B24: -> | D24: E0 | E24: 0.1072 | F24: 0.0936 | G24: E1 | H24: 1.0344 | I24: 0.7984 | J24: E2 | K24: 0.2805 | L24: 0.2466 | M24: E3 | N24: 0.7957 | O24: 0.599 | P24: E4 | Q24: 0.2834 | R24: 0.2494 | S24: E5 | T24: 0.7926 | U24: 0.5971 | V24: E6 | W24: 0.2828 | X24: 0.2497 | Y24: E7 | Z24: 0.7933 | AA24: 0.595
A25: =A24+1 -> 24 | B25: -> | D25: E2 | E25: I1 | F25: e | G25: E1 | H25: Terra
A26: =A25+1 -> 25 | B26: -> | D26: E0 | E26: 0.8731 | F26: 0.6404 | G26: E1 | H26: 0.1058 | I26: 0.0944 | J26: E2 | K26: 0.945 | L26: 0.6995 | M26: E3 | N26: 0.3733 | O26: 0.3192 | P26: E4 | Q26: 0.8728 | R26: 0.6538 | S26: E5 | T26: 0.3686 | U26: 0.3257 | V26: E6 | W26: 0.875 | X26: 0.6702 | Y26: E7 | Z26: 0.3627 | AA26: 0.342
A27: =A26+1 -> 26 | B27: -> | D27: E3 | E27: I1 | F27: e | G27: E2 | H27: Terra | AB27: 0.6953
A28: =A27+1 -> 27 | B28: -> | D28: E0 | E28: 0.1877 | F28: 0.1776 | G28: E1 | H28: 0.697 | I28: 0.5303 | J28: E2 | K28: 0.1108 | L28: 0.1005 | M28: E3 | N28: 0.8224 | O28: 0.6234 | P28: E4 | Q28: 0.1873 | R28: 0.1704 | S28: E5 | T28: 0.6958 | U28: 0.5279 | V28: E6 | W28: 0.1859 | X28: 0.1721 | Y28: E7 | Z28: 0.697 | AA28: 0.5267
A29: =A28+1 -> 28 | B29: -> | D29: E4 | E29: I1 | F29: e | G29: E3 | H29: Terra | AB29: 0.3483
A30: =A29+1 -> 29 | B30: -> | D30: E0 | E30: 0.7424 | F30: 0.5501 | G30: E1 | H30: 0.2349 | I30: 0.2073 | J30: E2 | K30: 0.7437 | L30: 0.5531 | M30: E3 | N30: 0.1088 | O30: 0.0968 | P30: E4 | Q30: 0.886 | R30: 0.6705 | S30: E5 | T30: 0.2351 | U30: 0.2043 | V30: E6 | W30: 0.7416 | X30: 0.553 | Y30: E7 | Z30: 0.2339 | AA30: 0.2152
A31: =A30+1 -> 30 | B31: -> | D31: E5 | E31: I1 | F31: e | G31: E4 | H31: Terra | AB31: 0.6106
A32: =A31+1 -> 31 | B32: -> | D32: E0 | E32: 0.2508 | F32: 0.2283 | G32: E1 | H32: 0.7556 | I32: 0.5748 | J32: E2 | K32: 0.2437 | L32: 0.2211 | M32: E3 | N32: 0.7564 | O32: 0.5771 | P32: E4 | Q32: 0.1046 | R32: 0.0907 | S32: E5 | T32: 0.9864 | U32: 0.7732 | V32: E6 | W32: 0.2441 | X32: 0.2194 | Y32: E7 | Z32: 0.7552 | AA32: 0.5668
A33: =A32+1 -> 32 | B33: -> | D33: E6 | E33: I1 | F33: e | G33: E5 | H33: Terra | AB33: 0.2174
A34: =A33+1 -> 33 | B34: -> | D34: E0 | E34: 0.8557 | F34: 0.6358 | G34: E1 | H34: 0.3449 | I34: 0.3013 | J34: E2 | K34: 0.8512 | L34: 0.6394 | M34: E3 | N34: 0.3489 | O34: 0.3118 | P34: E4 | Q34: 0.856 | R34: 0.6437 | S34: E5 | T34: 0.1039 | U34: 0.0919 | V34: E6 | W34: 0.9141 | X34: 0.6922 | Y34: E7 | Z34: 0.3463 | AA34: 0.3116
A35: =A34+1 -> 34 | B35: -> | D35: E7 | E35: I1 | F35: e | G35: E6 | H35: Terra | AB35: 0.6786
A36: =A35+1 -> 35 | B36: -> | D36: E0 | E36: 0.1687 | F36: 0.1622 | G36: E1 | H36: 0.6818 | I36: 0.4981 | J36: E2 | K36: 0.1713 | L36: 0.1526 | M36: E3 | N36: 0.68 | O36: 0.502 | P36: E4 | Q36: 0.1702 | R36: 0.1536 | S36: E5 | T36: 0.6794 | U36: 0.5057 | V36: E6 | W36: 0.1058 | X36: 0.0942 | Y36: E7 | Z36: 1.019 | AA36: 0.7856
A37: =A36+1 -> 36 | B37: -> | D37: E0 | E37: I1 | F37: e | G37: E7 | H37: Terra | AB37: 0.3247
A38: =A37+1 -> 37 | B38: -> | D38: E0 | E38: 1.1013 | F38: 0.7983 | G38: E1 | H38: 0.4561 | I38: 0.3697 | J38: E2 | K38: 0.9565 | L38: 0.6906 | M38: E3 | N38: 0.454 | O38: 0.3747 | P38: E4 | Q38: 0.9654 | R38: 0.6905 | S38: E5 | T38: 0.4523 | U38: 0.3682 | V38: E6 | W38: 0.9579 | X38: 0.6845 | Y38: E7 | Z38: 0.1048 | AA38: 0.084
A39: =A38+1 -> 38
A40: =A39+1 -> 39
A41: =A40+1 -> 40
A42: =A41+1 -> 41 | B42: -> | D42: E91 | E42: 1.5607 | F42: 1.0449 | G42: E92 | H42: 0 | I42: 0 | AB42: 0.8849
A43: =A42+1 -> 42 | B43: -> | D43: E1 | E43: I1 | F43: e | G43: E0 | H43: Terra
A44: =A43+1 -> 43 | B44: -> | D44: E0 | E44: 0.108 | F44: 0.1032 | G44: E1 | H44: 1.0354 | I44: 0.7988 | J44: E2 | K44: 0.2784 | L44: 0.2488 | M44: E3 | N44: 0.7921 | O44: 0.5963 | P44: E4 | Q44: 0.283 | R44: 0.252 | S44: E5 | T44: 0.793 | U44: 0.6004 | V44: E6 | W44: 0.2832 | X44: 0.2457 | Y44: E7 | Z44: 0.7928 | AA44: 0.5958 | AB44: 0.0918
A45: =A44+1 -> 44 | B45: -> | D45: E2 | E45: I1 | F45: e | G45: E1 | H45: Terra
A46: =A45+1 -> 45 | B46: -> | D46: E0 | E46: 0.8767 | F46: 0.6467 | G46: E1 | H46: 0.1074 | I46: 0.0949 | J46: E2 | K46: 0.9518 | L46: 0.7227 | M46: E3 | N46: 0.3706 | O46: 0.3211 | P46: E4 | Q46: 0.8792 | R46: 0.6575 | S46: E5 | T46: 0.3681 | U46: 0.319 | V46: E6 | W46: 0.8755 | X46: 0.6535 | Y46: E7 | Z46: 0.3684 | AA46: 0.3297
A47: =A46+1 -> 46 | B47: -> | D47: E3 | E47: I1 | F47: e | G47: E2 | H47: Terra
A48: =A47+1 -> 47 | B48: -> | D48: E0 | E48: 0.1906 | F48: 0.1783 | G48: E1 | H48: 0.6972 | I48: 0.5328 | J48: E2 | K48: 0.1096 | L48: 0.1005 | M48: E3 | N48: 0.8207 | O48: 0.6422 | P48: E4 | Q48: 0.1871 | R48: 0.1716 | S48: E5 | T48: 0.6955 | U48: 0.5307 | V48: E6 | W48: 0.1863 | X48: 0.1702 | Y48: E7 | Z48: 0.6969 | AA48: 0.5235
A49: =A48+1 -> 48 | B49: -> | D49: E4 | E49: I1 | F49: e | G49: E3 | H49: Terra
A50: =A49+1 -> 49 | B50: -> | D50: E0 | E50: 0.7451 | F50: 0.5522 | G50: E1 | H50: 0.2322 | I50: 0.2075 | J50: E2 | K50: 0.74 | L50: 0.5477 | M50: E3 | N50: 0.109 | O50: 0.0962 | P50: E4 | Q50: 0.8865 | R50: 0.6704 | S50: E5 | T50: 0.2324 | U50: 0.2073 | V50: E6 | W50: 0.7433 | X50: 0.5515 | Y50: E7 | Z50: 0.2326 | AA50: 0.2166 | AB50: 0.6984
A51: =A50+1 -> 50 | B51: -> | D51: E5 | E51: I1 | F51: e | G51: E4 | H51: Terra
A52: =A51+1 -> 51 | B52: -> | D52: E0 | E52: 0.245 | F52: 0.2238 | G52: E1 | H52: 0.7571 | I52: 0.5765 | J52: E2 | K52: 0.2453 | L52: 0.2201 | M52: E3 | N52: 0.7512 | O52: 0.5769 | P52: E4 | Q52: 0.1074 | R52: 0.0956 | S52: E5 | T52: 0.9963 | U52: 0.7786 | V52: E6 | W52: 0.2447 | X52: 0.2251 | Y52: E7 | Z52: 0.7618 | AA52: 0.575 | AB52: 0.3149
A53: =A52+1 -> 52 | B53: -> | D53: E6 | E53: I1 | F53: e | G53: E5 | H53: Terra
A54: =A53+1 -> 53 | B54: -> | D54: E0 | E54: 0.853 | F54: 0.6432 | G54: E1 | H54: 0.3421 | I54: 0.3022 | J54: E2 | K54: 0.8519 | L54: 0.6479 | M54: E3 | N54: 0.3437 | O54: 0.298 | P54: E4 | Q54: 0.858 | R54: 0.6487 | S54: E5 | T54: 0.1051 | U54: 0.0915 | V54: E6 | W54: 0.9178 | X54: 0.6889 | Y54: E7 | Z54: 0.3466 | AA54: 0.3155 | AB54: 0.6456
A55: =A54+1 -> 54 | B55: -> | D55: E7 | E55: I1 | F55: e | G55: E6 | H55: Terra
A56: =A55+1 -> 55 | B56: -> | D56: E0 | E56: 0.1669 | F56: 0.1554 | G56: E1 | H56: 0.6784 | I56: 0.5038 | J56: E2 | K56: 0.1682 | L56: 0.1532 | M56: E3 | N56: 0.6823 | O56: 0.506 | P56: E4 | Q56: 0.1694 | R56: 0.1501 | S56: E5 | T56: 0.6792 | U56: 0.5041 | V56: E6 | W56: 0.1043 | X56: 0.0939 | Y56: E7 | Z56: 1.0197 | AA56: 0.7949 | AB56: 0.2176
A57: =A56+1 -> 56 | B57: -> | D57: E0 | E57: I1 | F57: e | G57: E7 | H57: Terra
A58: =A57+1 -> 57 | B58: -> | D58: E0 | E58: 1.1032 | F58: 0.7946 | G58: E1 | H58: 0.453 | I58: 0.37 | J58: E2 | K58: 0.9595 | L58: 0.6899 | M58: E3 | N58: 0.4513 | O58: 0.3662 | P58: E4 | Q58: 0.9608 | R58: 0.6809 | S58: E5 | T58: 0.4547 | U58: 0.3741 | V58: E6 | W58: 0.9551 | X58: 0.6722 | Y58: E7 | Z58: 0.1032 | AA58: 0.0861 | AB58: 0.6795
A59: =A58+1 -> 58
A60: =A59+1 -> 59
A61: =A60+1 -> 60
A62: =A61+1 -> 61 | B62: -> | D62: E91 | E62: 1.5638 | F62: 1.038 | G62: E92 | H62: 0 | I62: 0
A63: =A62+1 -> 62 | B63: -> | D63: E1 | E63: I1 | F63: e | G63: E0 | H63: Terra | AB63: 0.3218
A64: =A63+1 -> 63 | B64: -> | D64: E0 | E64: 0.1078 | F64: 0.0984 | G64: E1 | H64: 1.0389 | I64: 0.8091 | J64: E2 | K64: 0.2855 | L64: 0.2491 | M64: E3 | N64: 0.7939 | O64: 0.5977 | P64: E4 | Q64: 0.2862 | R64: 0.25 | S64: E5 | T64: 0.7932 | U64: 0.5948 | V64: E6 | W64: 0.2791 | X64: 0.2451 | Y64: E7 | Z64: 0.7933 | AA64: 0.5959
A65: =A64+1 -> 64 | B65: -> | D65: E2 | E65: I1 | F65: e | G65: E1 | H65: Terra | AB65: 0.8791
A66: =A65+1 -> 65 | B66: -> | D66: E0 | E66: 0.8772 | F66: 0.6589 | G66: E1 | H66: 0.1073 | I66: 0.0946 | J66: E2 | K66: 0.9529 | L66: 0.72 | M66: E3 | N66: 0.3697 | O66: 0.3203 | P66: E4 | Q66: 0.8809 | R66: 0.6576 | S66: E5 | T66: 0.3668 | U66: 0.3206 | V66: E6 | W66: 0.8776 | X66: 0.6578 | Y66: E7 | Z66: 0.3699 | AA66: 0.335
A67: =A66+1 -> 66 | B67: -> | D67: E3 | E67: I1 | F67: e | G67: E2 | H67: Terra | AB67: 0.0945
A68: =A67+1 -> 67 | B68: -> | D68: E0 | E68: 0.1881 | F68: 0.1771 | G68: E1 | H68: 0.6987 | I68: 0.5296 | J68: E2 | K68: 0.109 | L68: 0.1001 | M68: E3 | N68: 0.8221 | O68: 0.6369 | P68: E4 | Q68: 0.1864 | R68: 0.1711 | S68: E5 | T68: 0.6968 | U68: 0.5297 | V68: E6 | W68: 0.1863 | X68: 0.1713 | Y68: E7 | Z68: 0.6965 | AA68: 0.5258
A69: =A68+1 -> 68 | B69: -> | D69: E4 | E69: I1 | F69: e | G69: E3 | H69: Terra
A70: =A69+1 -> 69 | B70: -> | D70: E0 | E70: 0.7404 | F70: 0.541 | G70: E1 | H70: 0.2346 | I70: 0.207 | J70: E2 | K70: 0.7389 | L70: 0.552 | M70: E3 | N70: 0.1086 | O70: 0.0966 | P70: E4 | Q70: 0.8866 | R70: 0.671 | S70: E5 | T70: 0.2301 | U70: 0.2053 | V70: E6 | W70: 0.7412 | X70: 0.5477 | Y70: E7 | Z70: 0.2304 | AA70: 0.2171
A71: =A70+1 -> 70 | B71: -> | D71: E5 | E71: I1 | F71: e | G71: E4 | H71: Terra
A72: =A71+1 -> 71 | B72: -> | D72: E0 | E72: 0.2411 | F72: 0.225 | G72: E1 | H72: 0.7556 | I72: 0.5858 | J72: E2 | K72: 0.2443 | L72: 0.2241 | M72: E3 | N72: 0.7571 | O72: 0.5746 | P72: E4 | Q72: 0.1044 | R72: 0.0951 | S72: E5 | T72: 0.9858 | U72: 0.7694 | V72: E6 | W72: 0.2434 | X72: 0.2214 | Y72: E7 | Z72: 0.7541 | AA72: 0.5724
A73: =A72+1 -> 72 | B73: -> | D73: E6 | E73: I1 | F73: e | G73: E5 | H73: Terra | AB73: 0.7009
A74: =A73+1 -> 73 | B74: -> | D74: E0 | E74: 0.8588 | F74: 0.6448 | G74: E1 | H74: 0.3479 | I74: 0.308 | J74: E2 | K74: 0.8481 | L74: 0.6536 | M74: E3 | N74: 0.3462 | O74: 0.2879 | P74: E4 | Q74: 0.8544 | R74: 0.6493 | S74: E5 | T74: 0.1057 | U74: 0.0939 | V74: E6 | W74: 0.9132 | X74: 0.6884 | Y74: E7 | Z74: 0.345 | AA74: 0.313
A75: =A74+1 -> 74 | B75: -> | D75: E7 | E75: I1 | F75: e | G75: E6 | H75: Terra | AB75: 0.3432
A76: =A75+1 -> 75 | B76: -> | D76: E0 | E76: 0.1653 | F76: 0.1626 | G76: E1 | H76: 0.6802 | I76: 0.5038 | J76: E2 | K76: 0.1681 | L76: 0.1528 | M76: E3 | N76: 0.6811 | O76: 0.5065 | P76: E4 | Q76: 0.1691 | R76: 0.1415 | S76: E5 | T76: 0.681 | U76: 0.5052 | V76: E6 | W76: 0.1053 | X76: 0.0956 | Y76: E7 | Z76: 1.0154 | AA76: 0.7831
A77: =A76+1 -> 76 | B77: -> | D77: E0 | E77: I1 | F77: e | G77: E7 | H77: Terra | AB77: 0.622
A78: =A77+1 -> 77 | B78: -> | D78: E0 | E78: 1.1035 | F78: 0.7996 | G78: E1 | H78: 0.451 | I78: 0.3741 | J78: E2 | K78: 0.9625 | L78: 0.6978 | M78: E3 | N78: 0.4553 | O78: 0.3719 | P78: E4 | Q78: 0.9593 | R78: 0.6899 | S78: E5 | T78: 0.4572 | U78: 0.3737 | V78: E6 | W78: 0.9605 | X78: 0.7038 | Y78: E7 | Z78: 0.1054 | AA78: 0.0894
A79: =A78+1 -> 78
A80: =A79+1 -> 79
A81: =A80+1 -> 80
A82: =A81+1 -> 81 | B82: -> | D82: E91 | E82: 1.5324 | F82: 1.0791 | G82: E92 | H82: 0 | I82: 0 | AB82: 0.2172
A83: =A82+1 -> 82 | B83: -> | D83: E1 | E83: I1 | F83: e | G83: E0 | H83: Terra
A84: =A83+1 -> 83 | B84: -> | D84: E0 | E84: 0.1099 | F84: 0.0965 | G84: E1 | H84: 1.0352 | I84: 0.8 | J84: E2 | K84: 0.2823 | L84: 0.2504 | M84: E3 | N84: 0.7939 | O84: 0.5952 | P84: E4 | Q84: 0.2839 | R84: 0.2515 | S84: E5 | T84: 0.7932 | U84: 0.5976 | V84: E6 | W84: 0.2823 | X84: 0.2499 | Y84: E7 | Z84: 0.7946 | AA84: 0.5968 | AB84: 0.6781
A85: =A84+1 -> 84 | B85: -> | D85: E2 | E85: I1 | F85: e | G85: E1 | H85: Terra
A86: =A85+1 -> 85 | B86: -> | D86: E0 | E86: 0.8793 | F86: 0.6552 | G86: E1 | H86: 0.1082 | I86: 0.0946 | J86: E2 | K86: 0.9527 | L86: 0.7244 | M86: E3 | N86: 0.3695 | O86: 0.3248 | P86: E4 | Q86: 0.8818 | R86: 0.6558 | S86: E5 | T86: 0.3691 | U86: 0.3201 | V86: E6 | W86: 0.8755 | X86: 0.653 | Y86: E7 | Z86: 0.367 | AA86: 0.3302 | AB86: 0.3235
A87: =A86+1 -> 86 | B87: -> | D87: E3 | E87: I1 | F87: e | G87: E2 | H87: Terra
A88: =A87+1 -> 87 | B88: -> | D88: E0 | E88: 0.1887 | F88: 0.175 | G88: E1 | H88: 0.6949 | I88: 0.5296 | J88: E2 | K88: 0.1101 | L88: 0.1019 | M88: E3 | N88: 0.8207 | O88: 0.6364 | P88: E4 | Q88: 0.1872 | R88: 0.1729 | S88: E5 | T88: 0.6941 | U88: 0.5299 | V88: E6 | W88: 0.1859 | X88: 0.1633 | Y88: E7 | Z88: 0.6982 | AA88: 0.5283 | AB88: 0.8905
A89: =A88+1 -> 88 | B89: -> | D89: E4 | E89: I1 | F89: e | G89: E3 | H89: Terra
A90: =A89+1 -> 89 | B90: -> | D90: E0 | E90: 0.7317 | F90: 0.5377 | G90: E1 | H90: 0.2347 | I90: 0.2034 | J90: E2 | K90: 0.7359 | L90: 0.5482 | M90: E3 | N90: 0.109 | O90: 0.0956 | P90: E4 | Q90: 0.8742 | R90: 0.6805 | S90: E5 | T90: 0.2311 | U90: 0.205 | V90: E6 | W90: 0.7318 | X90: 0.5609 | Y90: E7 | Z90: 0.2291 | AA90: 0.2238 | AB90: 0.0942
A91: =A90+1 -> 90 | B91: -> | D91: E5 | E91: I1 | F91: e | G91: E4 | H91: Terra
A92: =A91+1 -> 91 | B92: -> | D92: E0 | E92: 0.2457 | F92: 0.2215 | G92: E1 | H92: 0.7707 | I92: 0.5866 | J92: E2 | K92: 0.2459 | L92: 0.2222 | M92: E3 | N92: 0.7553 | O92: 0.5746 | P92: E4 | Q92: 0.1037 | R92: 0.0962 | S92: E5 | T92: 0.9896 | U92: 0.7739 | V92: E6 | W92: 0.2493 | X92: 0.2227 | Y92: E7 | Z92: 0.754 | AA92: 0.5681
A93: =A92+1 -> 92 | B93: -> | D93: E6 | E93: I1 | F93: e | G93: E5 | H93: Terra
A94: =A93+1 -> 93 | B94: -> | D94: E0 | E94: 0.8598 | F94: 0.63 | G94: E1 | H94: 0.3445 | I94: 0.299 | J94: E2 | K94: 0.8507 | L94: 0.6372 | M94: E3 | N94: 0.3486 | O94: 0.3061 | P94: E4 | Q94: 0.8556 | R94: 0.6415 | S94: E5 | T94: 0.1046 | U94: 0.0917 | V94: E6 | W94: 0.9172 | X94: 0.6925 | Y94: E7 | Z94: 0.3516 | AA94: 0.3173
A95: =A94+1 -> 94 | B95: -> | D95: E7 | E95: I1 | F95: e | G95: E6 | H95: Terra
A96: =A95+1 -> 95 | B96: -> | D96: E0 | E96: 0.1714 | F96: 0.162 | G96: E1 | H96: 0.6823 | I96: 0.5117 | J96: E2 | K96: 0.1673 | L96: 0.1549 | M96: E3 | N96: 0.6797 | O96: 0.5071 | P96: E4 | Q96: 0.17 | R96: 0.1529 | S96: E5 | T96: 0.6779 | U96: 0.5068 | V96: E6 | W96: 0.1032 | X96: 0.0959 | Y96: E7 | Z96: 1.015 | AA96: 0.7831 | AB96: 0.6974
A97: =A96+1 -> 96 | B97: -> | D97: E0 | E97: I1 | F97: e | G97: E7 | H97: Terra
A98: =A97+1 -> 97 | B98: -> | D98: E0 | E98: 1.1071 | F98: 0.7975 | G98: E1 | H98: 0.4567 | I98: 0.3775 | J98: E2 | K98: 0.9619 | L98: 0.6994 | M98: E3 | N98: 0.4543 | O98: 0.3738 | P98: E4 | Q98: 0.9653 | R98: 0.7006 | S98: E5 | T98: 0.4546 | U98: 0.3735 | V98: E6 | W98: 0.9595 | X98: 0.6982 | Y98: E7 | Z98: 0.1052 | AA98: 0.0907 | AB98: 0.3451
A99: =A98+1 -> 98
A100: =A99+1 -> 99
A101: =A100+1 -> 100
...

Sheet Dados processados
A1: CORRENTE
B2: {=_xlfn._xlws.FILTER('Dado Bruto'!A:AB, ('Dado Bruto'!A:A=1) + ('Dado Bruto'!A:A=21) + ('Dado Bruto'!A:A=41)+ ('Dado Bruto'!A:A=61)+ ('Dado Bruto'!A:A=81), "Não encontrado")} -> 1 | C2: -> | D2: 0 | E2: E91 | F2: 1.5264 | G2: 1.0866 | H2: E92 | I2: 0 | J2: 0 | K2: 0 | L2: 0 | M2: 0 | N2: 0 | O2: 0 | P2: 0 | Q2: 0 | R2: 0 | S2: 0 | T2: 0 | U2: 0 | V2: 0 | W2: 0 | X2: 0 | Y2: 0 | Z2: 0 | AA2: 0 | AB2: 0 | AC2: 0
B3: 21 | C3: -> | D3: 0 | E3: E91 | F3: 1.5277 | G3: 1.0574 | H3: E92 | I3: 0 | J3: 0 | K3: 0 | L3: 0 | M3: 0 | N3: 0 | O3: 0 | P3: 0 | Q3: 0 | R3: 0 | S3: 0 | T3: 0 | U3: 0 | V3: 0 | W3: 0 | X3: 0 | Y3: 0 | Z3: 0 | AA3: 0 | AB3: 0 | AC3: 0
B4: 41 | C4: -> | D4: 0 | E4: E91 | F4: 1.5607 | G4: 1.0449 | H4: E92 | I4: 0 | J4: 0 | K4: 0 | L4: 0 | M4: 0 | N4: 0 | O4: 0 | P4: 0 | Q4: 0 | R4: 0 | S4: 0 | T4: 0 | U4: 0 | V4: 0 | W4: 0 | X4: 0 | Y4: 0 | Z4: 0 | AA4: 0 | AB4: 0 | AC4: 0.8849
B5: 61 | C5: -> | D5: 0 | E5: E91 | F5: 1.5638 | G5: 1.038 | H5: E92 | I5: 0 | J5: 0 | K5: 0 | L5: 0 | M5: 0 | N5: 0 | O5: 0 | P5: 0 | Q5: 0 | R5: 0 | S5: 0 | T5: 0 | U5: 0 | V5: 0 | W5: 0 | X5: 0 | Y5: 0 | Z5: 0 | AA5: 0 | AB5: 0 | AC5: 0
B6: 81 | C6: -> | D6: 0 | E6: E91 | F6: 1.5324 | G6: 1.0791 | H6: E92 | I6: 0 | J6: 0 | K6: 0 | L6: 0 | M6: 0 | N6: 0 | O6: 0 | P6: 0 | Q6: 0 | R6: 0 | S6: 0 | T6: 0 | U6: 0 | V6: 0 | W6: 0 | X6: 0 | Y6: 0 | Z6: 0 | AA6: 0 | AB6: 0 | AC6: 0.2172
A7: Média | F7: =AVERAGE(F2:F6) -> 1.5422 | G7: =AVERAGE(G2:G6) -> 1.0612
A8: STD | F8: =_xlfn.STDEV.P(F2:F6) -> 0.016521138 | G8: =_xlfn.STDEV.P(G2:G6) -> 0.018888833
A9: SNR (dB) | F9: =20*LOG10(F7/F8) -> 39.402015 | G9: =20*LOG10(G7/G8) -> 34.991842
A10: Valor simulado | F10: =(0.000528)*2*1000 -> 1.056 | G10: =(0.0005259)*2*1000 -> 1.0518
A11: Acurácia | F11: =1- ((+F7-F10)/F10) -> 0.53958333 | G11: =1- ((G7-G10)/G10) -> 0.99106294
A13: E1 conectado ao I1 e E0 conectado ao terra
B14: {=_xlfn._xlws.FILTER('Dado Bruto'!A:AB, ('Dado Bruto'!A:A=3) + ('Dado Bruto'!A:A=23) + ('Dado Bruto'!A:A=43)+ ('Dado Bruto'!A:A=63)+ ('Dado Bruto'!A:A=83), "Não encontrado")} -> 3 | C14: -> | D14: 0 | E14: E0 | F14: 0.1079 | G14: 0.0984 | H14: E1 | I14: 1.0379 | J14: 0.8064 | K14: E2 | L14: 0.2812 | M14: 0.247 | N14: E3 | O14: 0.7971 | P14: 0.5988 | Q14: E4 | R14: 0.2839 | S14: 0.2535 | T14: E5 | U14: 0.7933 | V14: 0.5959 | W14: E6 | X14: 0.2837 | Y14: 0.2438 | Z14: E7 | AA14: 0.7922 | AB14: 0.5954 | AC14: 0.7 | AD14: E2 E4 E6 | AE14: DP | AF14: E2 E4 E6 | AG14: DP | AI14: E3 E5 E7 | AJ14: DP | AK14: E3 E5 E7 | AL14: DP
B15: 23 | C15: -> | D15: 0 | E15: E0 | F15: 0.1072 | G15: 0.0936 | H15: E1 | I15: 1.0344 | J15: 0.7984 | K15: E2 | L15: 0.2805 | M15: 0.2466 | N15: E3 | O15: 0.7957 | P15: 0.599 | Q15: E4 | R15: 0.2834 | S15: 0.2494 | T15: E5 | U15: 0.7926 | V15: 0.5971 | W15: E6 | X15: 0.2828 | Y15: 0.2497 | Z15: E7 | AA15: 0.7933 | AB15: 0.595 | AC15: 0 | AD15: =AVERAGE(L15,R15,X15) -> 0.28223333 | AF15: =AVERAGE(M15,S15,Y15) -> 0.24856667
B16: 43 | C16: -> | D16: 0 | E16: E0 | F16: 0.108 | G16: 0.1032 | H16: E1 | I16: 1.0354 | J16: 0.7988 | K16: E2 | L16: 0.2784 | M16: 0.2488 | N16: E3 | O16: 0.7921 | P16: 0.5963 | Q16: E4 | R16: 0.283 | S16: 0.252 | T16: E5 | U16: 0.793 | V16: 0.6004 | W16: E6 | X16: 0.2832 | Y16: 0.2457 | Z16: E7 | AA16: 0.7928 | AB16: 0.5958 | AC16: 0.0918 | AD16: =AVERAGE(L16,R16,X16) -> 0.28153333 | AF16: =AVERAGE(M16,S16,Y16) -> 0.24883333
B17: 63 | C17: -> | D17: 0 | E17: E0 | F17: 0.1078 | G17: 0.0984 | H17: E1 | I17: 1.0389 | J17: 0.8091 | K17: E2 | L17: 0.2855 | M17: 0.2491 | N17: E3 | O17: 0.7939 | P17: 0.5977 | Q17: E4 | R17: 0.2862 | S17: 0.25 | T17: E5 | U17: 0.7932 | V17: 0.5948 | W17: E6 | X17: 0.2791 | Y17: 0.2451 | Z17: E7 | AA17: 0.7933 | AB17: 0.5959 | AC17: 0 | AD17: =AVERAGE(L17,R17,X17) -> 0.2836 | AF17: =AVERAGE(M17,S17,Y17) -> 0.24806667
B18: 83 | C18: -> | D18: 0 | E18: E0 | F18: 0.1099 | G18: 0.0965 | H18: E1 | I18: 1.0352 | J18: 0.8 | K18: E2 | L18: 0.2823 | M18: 0.2504 | N18: E3 | O18: 0.7939 | P18: 0.5952 | Q18: E4 | R18: 0.2839 | S18: 0.2515 | T18: E5 | U18: 0.7932 | V18: 0.5976 | W18: E6 | X18: 0.2823 | Y18: 0.2499 | Z18: E7 | AA18: 0.7946 | AB18: 0.5968 | AC18: 0.6781 | AD18: =AVERAGE(L18,R18,X18) -> 0.28283333 | AF18: =AVERAGE(M18,S18,Y18) -> 0.2506
A19: Média | F19: =AVERAGE(F14:F18) -> 0.10816 | G19: =AVERAGE(G14:G18) -> 0.09802 | I19: =AVERAGE(I14:I18) -> 1.03636 | J19: =AVERAGE(J14:J18) -> 0.80254 | L19: =AVERAGE(L14:L18) -> 0.28158 | M19: =AVERAGE(M14:M18) -> 0.24838 | O19: =AVERAGE(O14:O18) -> 0.79454 | P19: =AVERAGE(P14:P18) -> 0.5974 | R19: =AVERAGE(R14:R18) -> 0.28408 | S19: =AVERAGE(S14:S18) -> 0.25128 | U19: =AVERAGE(U14:U18) -> 0.79306 | V19: =AVERAGE(V14:V18) -> 0.59716 | X19: =AVERAGE(X14:X18) -> 0.28222 | Y19: =AVERAGE(Y14:Y18) -> 0.24684 | AA19: =AVERAGE(AA14:AA18) -> 0.79324 | AB19: =AVERAGE(AB14:AB18) -> 0.59578 | AD19: =AVERAGE(L19,R19,X19) -> 0.28262667 | AF19: =AVERAGE(M19,S19,Y19) -> 0.24883333
A20: STD | F20: =_xlfn.STDEV.P(F14:F18) -> 0.00091345498 | G20: =_xlfn.STDEV.P(G14:G18) -> 0.0031294728 | I20: =_xlfn.STDEV.P(I14:I18) -> 0.0017281204 | J20: =_xlfn.STDEV.P(J14:J18) -> 0.0043706292 | L20: =_xlfn.STDEV.P(L14:L18) -> 0.0023370066 | M20: =_xlfn.STDEV.P(M14:M18) -> 0.0014034244 | O20: =_xlfn.STDEV.P(O14:O18) -> 0.001713009 | P20: =_xlfn.STDEV.P(P14:P18) -> 0.001460137 | R20: =_xlfn.STDEV.P(R14:R18) -> 0.0011124747 | S20: =_xlfn.STDEV.P(S14:S18) -> 0.0014606848 | U20: =_xlfn.STDEV.P(U14:U18) -> 0.00024979992 | V20: =_xlfn.STDEV.P(V14:V18) -> 0.0018895502 | X20: =_xlfn.STDEV.P(X14:X18) -> 0.00162653 | Y20: =_xlfn.STDEV.P(Y14:Y18) -> 0.0024944739 | AA20: =_xlfn.STDEV.P(AA14:AA18) -> 0.00079145436 | AB20: =_xlfn.STDEV.P(AB14:AB18) -> 0.00060133186
A21: SNR (dB) | F21: =20*LOG10(F19/F20) -> 41.467591 | G21: =20*LOG10(G19/G20) -> 29.91687 | I21: =20*LOG10(I19/I20) -> 55.558733 | J21: =20*LOG10(J19/J20) -> 45.278454 | L21: =20*LOG10(L19/L20) -> 41.618837 | M21: =20*LOG10(M19/M20) -> 44.958552 | O21: =20*LOG10(O19/O20) -> 53.327122 | P21: =20*LOG10(P19/P20) -> 52.237432 | R21: =20*LOG10(R19/R20) -> 48.14301 | S21: =20*LOG10(S19/S20) -> 44.712028 | U21: =20*LOG10(U19/U20) -> 70.034275 | V21: =20*LOG10(V19/V20) -> 49.994645 | X21: =20*LOG10(X19/X20) -> 44.786514 | Y21: =20*LOG10(Y19/Y20) -> 39.908731 | AA21: =20*LOG10(AA19/AA20) -> 60.019575 | AB21: =20*LOG10(AB19/AB20) -> 59.919434 | AC21: =AVERAGE(F21:AB21) -> 48.867613
A22: Valor simulado | F22: 0.132 | G22: 0.1315 | I22: 1.0964 | J22: 0.9857 | L22: 0.3057 | M22: 0.3045 | O22: 0.8293 | P22: 0.7294 | R22: 0.3057 | S22: 0.3045 | U22: 0.8293 | V22: 0.7294 | X22: 0.3057 | Y22: 0.3045 | AA22: 0.8293 | AB22: 0.7294
A23: Acurácia | F23: =1-((F22-F19)/F19) -> 0.7795858 | G23: =1-((G22-G19)/G19) -> 0.65843705 | I23: =1-((I22-I19)/I19) -> 0.94206646 | J23: =1-((+J22-J19)/J19) -> 0.77177462 | L23: =1-((L22-L19)/L19) -> 0.91434051 | M23: =1-((M22-M19)/M19) -> 0.77405588 | O23: =1-((O22-O19)/O19) -> 0.95625142 | P23: =1-((P22-P19)/P19) -> 0.77904252 | R23: =1-((R22-R19)/R19) -> 0.92389468 | S23: =1-((S22-S19)/S19) -> 0.78820439 | U23: =1-((U22-U19)/U19) -> 0.95430358 | V23: =1-((V22-V19)/V19) -> 0.77855181 | X23: =1-((X22-X19)/X19) -> 0.91680249 | Y23: =1-((Y22-Y19)/Y19) -> 0.76640739 | AA23: =1-((AA22-AA19)/AA19) -> 0.95454087 | AB23: =1-((AB22-AB19)/AB19) -> 0.77572258
A25: E2 conectado ao I1 e E1 conectado ao terra
B26: {=_xlfn._xlws.FILTER('Dado Bruto'!A:AB, ('Dado Bruto'!A:A=5) + ('Dado Bruto'!A:A=25) + ('Dado Bruto'!A:A=45)+ ('Dado Bruto'!A:A=65)+ ('Dado Bruto'!A:A=85), "Não encontrado")} -> 5 | C26: -> | D26: 0 | E26: E0 | F26: 0.879 | G26: 0.6562 | H26: E1 | I26: 0.1083 | J26: 0.0949 | K26: E2 | L26: 0.9499 | M26: 0.7213 | N26: E3 | O26: 0.3684 | P26: 0.3206 | Q26: E4 | R26: 0.8845 | S26: 0.6592 | T26: E5 | U26: 0.3699 | V26: 0.3274 | W26: E6 | X26: 0.8736 | Y26: 0.6356 | Z26: E7 | AA26: 0.372 | AB26: 0.3263 | AC26: 0.3449
B27: 25 | C27: -> | D27: 0 | E27: E0 | F27: 0.8731 | G27: 0.6404 | H27: E1 | I27: 0.1058 | J27: 0.0944 | K27: E2 | L27: 0.945 | M27: 0.6995 | N27: E3 | O27: 0.3733 | P27: 0.3192 | Q27: E4 | R27: 0.8728 | S27: 0.6538 | T27: E5 | U27: 0.3686 | V27: 0.3257 | W27: E6 | X27: 0.875 | Y27: 0.6702 | Z27: E7 | AA27: 0.3627 | AB27: 0.342 | AC27: 0
B28: 45 | C28: -> | D28: 0 | E28: E0 | F28: 0.8767 | G28: 0.6467 | H28: E1 | I28: 0.1074 | J28: 0.0949 | K28: E2 | L28: 0.9518 | M28: 0.7227 | N28: E3 | O28: 0.3706 | P28: 0.3211 | Q28: E4 | R28: 0.8792 | S28: 0.6575 | T28: E5 | U28: 0.3681 | V28: 0.319 | W28: E6 | X28: 0.8755 | Y28: 0.6535 | Z28: E7 | AA28: 0.3684 | AB28: 0.3297 | AC28: 0
B29: 65 | C29: -> | D29: 0 | E29: E0 | F29: 0.8772 | G29: 0.6589 | H29: E1 | I29: 0.1073 | J29: 0.0946 | K29: E2 | L29: 0.9529 | M29: 0.72 | N29: E3 | O29: 0.3697 | P29: 0.3203 | Q29: E4 | R29: 0.8809 | S29: 0.6576 | T29: E5 | U29: 0.3668 | V29: 0.3206 | W29: E6 | X29: 0.8776 | Y29: 0.6578 | Z29: E7 | AA29: 0.3699 | AB29: 0.335 | AC29: 0
B30: 85 | C30: -> | D30: 0 | E30: E0 | F30: 0.8793 | G30: 0.6552 | H30: E1 | I30: 0.1082 | J30: 0.0946 | K30: E2 | L30: 0.9527 | M30: 0.7244 | N30: E3 | O30: 0.3695 | P30: 0.3248 | Q30: E4 | R30: 0.8818 | S30: 0.6558 | T30: E5 | U30: 0.3691 | V30: 0.3201 | W30: E6 | X30: 0.8755 | Y30: 0.653 | Z30: E7 | AA30: 0.367 | AB30: 0.3302 | AC30: 0.3235
A31: Média | F31: =AVERAGE(F26:F30) -> 0.87706 | G31: =AVERAGE(G26:G30) -> 0.65148 | I31: =AVERAGE(I26:I30) -> 0.1074 | J31: =AVERAGE(J26:J30) -> 0.09468 | L31: =AVERAGE(L26:L30) -> 0.95046 | M31: =AVERAGE(M26:M30) -> 0.71758 | O31: =AVERAGE(O26:O30) -> 0.3703 | P31: =AVERAGE(P26:P30) -> 0.3212 | R31: =AVERAGE(R26:R30) -> 0.87984 | S31: =AVERAGE(S26:S30) -> 0.65678 | U31: =AVERAGE(U26:U30) -> 0.3685 | V31: =AVERAGE(V26:V30) -> 0.32256 | X31: =AVERAGE(X26:X30) -> 0.87544 | Y31: =AVERAGE(Y26:Y30) -> 0.65402 | AA31: =AVERAGE(AA26:AA30) -> 0.368 | AB31: =AVERAGE(AB26:AB30) -> 0.33264
A32: STD | F32: =_xlfn.STDEV.P(F26:F30) -> 0.0022186482 | G32: =_xlfn.STDEV.P(G26:G30) -> 0.0068816858 | I32: =_xlfn.STDEV.P(I26:I30) -> 0.00089666047 | J32: =_xlfn.STDEV.P(J26:J30) -> 0.00019390719 | L32: =_xlfn.STDEV.P(L26:L30) -> 0.0029288906 | M32: =_xlfn.STDEV.P(M26:M30) -> 0.0091575979 | O32: =_xlfn.STDEV.P(O26:O30) -> 0.0016552945 | P32: =_xlfn.STDEV.P(P26:P30) -> 0.001904731 | R32: =_xlfn.STDEV.P(R26:R30) -> 0.0039154055 | S32: =_xlfn.STDEV.P(S26:S30) -> 0.0018378248 | U32: =_xlfn.STDEV.P(U26:U30) -> 0.0010373042 | V32: =_xlfn.STDEV.P(V26:V30) -> 0.0033422148 | X32: =_xlfn.STDEV.P(X26:X30) -> 0.0012846789 | Y32: =_xlfn.STDEV.P(Y26:Y30) -> 0.011105746 | AA32: =_xlfn.STDEV.P(AA26:AA30) -> 0.0031260198 | AB32: =_xlfn.STDEV.P(AB26:AB30) -> 0.0054400735
A33: SNR (dB) | F33: =20*LOG10(F31/F32) -> 51.938817 | G33: =20*LOG10(G31/G32) -> 39.524125 | I33: =20*LOG10(I31/I32) -> 41.567525 | J33: =20*LOG10(J31/J32) -> 53.773287 | L33: =20*LOG10(L31/L32) -> 50.224614 | M33: =20*LOG10(M31/M32) -> 37.881775 | O33: =20*LOG10(O31/O32) -> 46.993569 | P33: =20*LOG10(P31/P32) -> 44.538838 | R33: =20*LOG10(R31/R32) -> 47.032539 | S33: =20*LOG10(S31/S32) -> 51.062316 | U33: =20*LOG10(U31/U32) -> 51.010627 | V33: =20*LOG10(V31/V32) -> 39.691523 | X33: =20*LOG10(X31/X32) -> 56.668636 | Y33: =20*LOG10(Y31/Y32) -> 35.400866 | AA33: =20*LOG10(AA31/AA32) -> 41.417122 | AB33: =20*LOG10(AB31/AB32) -> 35.727394 | AC33: =AVERAGE(F33:AB33) -> 45.278348
A34: Valor simulado | F34: 0.9229 | G34: 0.8184 | I34: 0.132 | J34: 0.1315 | L34: 0.9984 | M34: 0.8908 | O34: 0.3992 | P34: 0.3976 | R34: 0.9229 | S34: 0.8184 | U34: 0.3992 | V34: 0.3976 | X34: 0.9229 | Y34: 0.8184 | AA34: 0.3992 | AB34: 0.3976
A35: Acurácia | F35: =1-((F34-F31)/F31) -> 0.94773448 | G35: =1-((G34-G31)/G31) -> 0.74378339 | I35: =1-((I34-I31)/I31) -> 0.77094972 | J35: =1-((J34-J31)/J31) -> 0.61111111 | L35: =1-((L34-L31)/L31) -> 0.94956127 | M35: =1-((M34-M31)/M31) -> 0.75860531 | O35: =1-((O34-O31)/O31) -> 0.92195517 | P35: =1-((P34-P31)/P31) -> 0.76214197 | R35: =1-((R34-R31)/R31) -> 0.95105928 | S35: =1-((S34-S31)/S31) -> 0.75392064 | U35: =1-((U34-U31)/U31) -> 0.91668928 | V35: =1-((V34-V31)/V31) -> 0.76736111 | X35: =1-((X34-X31)/X31) -> 0.94578726 | Y35: =1-((Y34-Y31)/Y31) -> 0.74866212 | AA35: =1-((AA34-AA31)/AA31) -> 0.91521739 | AB35: =1-((AB34-AB31)/AB31) -> 0.8047138
A37: E3 conectado ao I1 e E2 conectado ao terra
B38: {=_xlfn._xlws.FILTER('Dado Bruto'!A:AB, ('Dado Bruto'!A:A=7) + ('Dado Bruto'!A:A=27) + ('Dado Bruto'!A:A=47)+ ('Dado Bruto'!A:A=67)+ ('Dado Bruto'!A:A=87), "Não encontrado")} -> 7 | C38: -> | D38: 0 | E38: E0 | F38: 0.182 | G38: 0.1653 | H38: E1 | I38: 0.6994 | J38: 0.5305 | K38: E2 | L38: 0.1101 | M38: 0.0982 | N38: E3 | O38: 0.8185 | P38: 0.6357 | Q38: E4 | R38: 0.1858 | S38: 0.1727 | T38: E5 | U38: 0.6951 | V38: 0.527 | W38: E6 | X38: 0.1874 | Y38: 0.1629 | Z38: E7 | AA38: 0.6959 | AB38: 0.5208 | AC38: 0.6287
B39: 27 | C39: -> | D39: 0 | E39: E0 | F39: 0.1877 | G39: 0.1776 | H39: E1 | I39: 0.697 | J39: 0.5303 | K39: E2 | L39: 0.1108 | M39: 0.1005 | N39: E3 | O39: 0.8224 | P39: 0.6234 | Q39: E4 | R39: 0.1873 | S39: 0.1704 | T39: E5 | U39: 0.6958 | V39: 0.5279 | W39: E6 | X39: 0.1859 | Y39: 0.1721 | Z39: E7 | AA39: 0.697 | AB39: 0.5267 | AC39: 0
B40: 47 | C40: -> | D40: 0 | E40: E0 | F40: 0.1906 | G40: 0.1783 | H40: E1 | I40: 0.6972 | J40: 0.5328 | K40: E2 | L40: 0.1096 | M40: 0.1005 | N40: E3 | O40: 0.8207 | P40: 0.6422 | Q40: E4 | R40: 0.1871 | S40: 0.1716 | T40: E5 | U40: 0.6955 | V40: 0.5307 | W40: E6 | X40: 0.1863 | Y40: 0.1702 | Z40: E7 | AA40: 0.6969 | AB40: 0.5235 | AC40: 0
B41: 67 | C41: -> | D41: 0 | E41: E0 | F41: 0.1881 | G41: 0.1771 | H41: E1 | I41: 0.6987 | J41: 0.5296 | K41: E2 | L41: 0.109 | M41: 0.1001 | N41: E3 | O41: 0.8221 | P41: 0.6369 | Q41: E4 | R41: 0.1864 | S41: 0.1711 | T41: E5 | U41: 0.6968 | V41: 0.5297 | W41: E6 | X41: 0.1863 | Y41: 0.1713 | Z41: E7 | AA41: 0.6965 | AB41: 0.5258 | AC41: 0
B42: 87 | C42: -> | D42: 0 | E42: E0 | F42: 0.1887 | G42: 0.175 | H42: E1 | I42: 0.6949 | J42: 0.5296 | K42: E2 | L42: 0.1101 | M42: 0.1019 | N42: E3 | O42: 0.8207 | P42: 0.6364 | Q42: E4 | R42: 0.1872 | S42: 0.1729 | T42: E5 | U42: 0.6941 | V42: 0.5299 | W42: E6 | X42: 0.1859 | Y42: 0.1633 | Z42: E7 | AA42: 0.6982 | AB42: 0.5283 | AC42: 0.8905
A43: Média | F43: =AVERAGE(F38:F42) -> 0.18742 | G43: =AVERAGE(G38:G42) -> 0.17466 | I43: =AVERAGE(I38:I42) -> 0.69744 | J43: =AVERAGE(J38:J42) -> 0.53056 | L43: =AVERAGE(L38:L42) -> 0.10992 | M43: =AVERAGE(M38:M42) -> 0.10024 | O43: =AVERAGE(O38:O42) -> 0.82088 | P43: =AVERAGE(P38:P42) -> 0.63492 | R43: =AVERAGE(R38:R42) -> 0.18676 | S43: =AVERAGE(S38:S42) -> 0.17174 | U43: =AVERAGE(U38:U42) -> 0.69546 | V43: =AVERAGE(V38:V42) -> 0.52904 | X43: =AVERAGE(X38:X42) -> 0.18636 | Y43: =AVERAGE(Y38:Y42) -> 0.16796 | AA43: =AVERAGE(AA38:AA42) -> 0.6969 | AB43: =AVERAGE(AB38:AB42) -> 0.52502
A44: STD | F44: =_xlfn.STDEV.P(F38:F42) -> 0.0028867975 | G44: =_xlfn.STDEV.P(G38:G42) -> 0.0048077438 | I44: =_xlfn.STDEV.P(I38:I42) -> 0.0015576906 | J44: =_xlfn.STDEV.P(J38:J42) -> 0.0011774549 | L44: =_xlfn.STDEV.P(L38:L42) -> 0.00059799666 | M44: =_xlfn.STDEV.P(M38:M42) -> 0.0011892855 | O44: =_xlfn.STDEV.P(O38:O42) -> 0.0013804347 | P44: =_xlfn.STDEV.P(P38:P42) -> 0.0062036763 | R44: =_xlfn.STDEV.P(R38:R42) -> 0.00057480431 | S44: =_xlfn.STDEV.P(S38:S42) -> 0.00094783965 | U44: =_xlfn.STDEV.P(U38:U42) -> 0.0008822698 | V44: =_xlfn.STDEV.P(V38:V42) -> 0.0013705473 | X44: =_xlfn.STDEV.P(X38:X42) -> 0.00054990908 | Y44: =_xlfn.STDEV.P(Y38:Y42) -> 0.0040157689 | AA44: =_xlfn.STDEV.P(AA38:AA42) -> 0.00075630682 | AB44: =_xlfn.STDEV.P(AB38:AB42) -> 0.0026194656
A45: SNR (dB) | F45: =20*LOG10(F43/F44) -> 36.247992 | G45: =20*LOG10(G43/G44) -> 31.205043 | I45: =20*LOG10(I43/I44) -> 53.020513 | J45: =20*LOG10(J43/J44) -> 53.075805 | L45: =20*LOG10(L43/L44) -> 45.287559 | M45: =20*LOG10(M43/M44) -> 38.515099 | O45: =20*LOG10(O43/O44) -> 55.485276 | P45: =20*LOG10(P43/P44) -> 40.201398 | R45: =20*LOG10(R43/R44) -> 50.235277 | S45: =20*LOG10(S43/S44) -> 45.162732 | U45: =20*LOG10(U43/U44) -> 57.933415 | V45: =20*LOG10(V43/V44) -> 51.731889 | X45: =20*LOG10(X43/X44) -> 50.601236 | Y45: =20*LOG10(Y43/Y44) -> 32.428743 | AA45: =20*LOG10(AA43/AA44) -> 59.289449 | AB45: =20*LOG10(AB43/AB44) -> 46.039263 | AC45: =AVERAGE(F45:AB45) -> 46.653793
A46: Valor simulado | F46: 0.2076 | G46: 0.2067 | I46: 0.7315 | J46: 0.6374 | L46: 0.132 | M46: 0.1315 | O46: 0.846 | P46: 0.745 | R46: 0.2076 | S46: 0.2067 | U46: 0.7315 | V46: 0.6374 | X46: 0.2076 | Y46: 0.2067 | AA46: 0.7315 | AB46: 0.6374
A47: Acurácia | F47: =1-((F46-F43)/F43) -> 0.89232739 | G47: =1-((G46-G43)/G43) -> 0.81655788 | I47: =1-((I46-I43)/I43) -> 0.95116426 | J47: =1-((J46-J43)/J43) -> 0.79862786 | L47: =1-((L46-L43)/L43) -> 0.79912664 | M47: =1-((M46-M43)/M43) -> 0.68814844 | O47: =1-((O46-O43)/O43) -> 0.96939869 | P47: =1-((P46-P43)/P43) -> 0.82662383 | R47: =1-((R46-R43)/R43) -> 0.88841294 | S47: =1-((S46-S43)/S43) -> 0.79643647 | U47: =1-((U46-U43)/U43) -> 0.94817818 | V47: =1-((V46-V43)/V43) -> 0.79517617 | X47: =1-((X46-X43)/X43) -> 0.88602704 | Y47: =1-((Y46-Y43)/Y43) -> 0.76934985 | AA47: =1-((AA46-AA43)/AA43) -> 0.95035156 | AB47: =1-((AB46-AB43)/AB43) -> 0.78595101
A49: E4 conectado ao I1 e E3 conectado ao terra
B50: {=_xlfn._xlws.FILTER('Dado Bruto'!A:AB, ('Dado Bruto'!A:A=9) + ('Dado Bruto'!A:A=29) + ('Dado Bruto'!A:A=49)+ ('Dado Bruto'!A:A=69)+ ('Dado Bruto'!A:A=89), "Não encontrado")} -> 9 | C50: -> | D50: 0 | E50: E0 | F50: 0.753 | G50: 0.5763 | H50: E1 | I50: 0.2337 | J50: 0.2024 | K50: E2 | L50: 0.7412 | M50: 0.5508 | N50: E3 | O50: 0.1047 | P50: 0.091 | Q50: E4 | R50: 0.8823 | S50: 0.6719 | T50: E5 | U50: 0.2332 | V50: 0.2061 | W50: E6 | X50: 0.7421 | Y50: 0.5516 | Z50: E7 | AA50: 0.2316 | AB50: 0.2185 | AC50: 0.2172
B51: 29 | C51: -> | D51: 0 | E51: E0 | F51: 0.7424 | G51: 0.5501 | H51: E1 | I51: 0.2349 | J51: 0.2073 | K51: E2 | L51: 0.7437 | M51: 0.5531 | N51: E3 | O51: 0.1088 | P51: 0.0968 | Q51: E4 | R51: 0.886 | S51: 0.6705 | T51: E5 | U51: 0.2351 | V51: 0.2043 | W51: E6 | X51: 0.7416 | Y51: 0.553 | Z51: E7 | AA51: 0.2339 | AB51: 0.2152 | AC51: 0
B52: 49 | C52: -> | D52: 0 | E52: E0 | F52: 0.7451 | G52: 0.5522 | H52: E1 | I52: 0.2322 | J52: 0.2075 | K52: E2 | L52: 0.74 | M52: 0.5477 | N52: E3 | O52: 0.109 | P52: 0.0962 | Q52: E4 | R52: 0.8865 | S52: 0.6704 | T52: E5 | U52: 0.2324 | V52: 0.2073 | W52: E6 | X52: 0.7433 | Y52: 0.5515 | Z52: E7 | AA52: 0.2326 | AB52: 0.2166 | AC52: 0.6984
B53: 69 | C53: -> | D53: 0 | E53: E0 | F53: 0.7404 | G53: 0.541 | H53: E1 | I53: 0.2346 | J53: 0.207 | K53: E2 | L53: 0.7389 | M53: 0.552 | N53: E3 | O53: 0.1086 | P53: 0.0966 | Q53: E4 | R53: 0.8866 | S53: 0.671 | T53: E5 | U53: 0.2301 | V53: 0.2053 | W53: E6 | X53: 0.7412 | Y53: 0.5477 | Z53: E7 | AA53: 0.2304 | AB53: 0.2171 | AC53: 0
B54: 89 | C54: -> | D54: 0 | E54: E0 | F54: 0.7317 | G54: 0.5377 | H54: E1 | I54: 0.2347 | J54: 0.2034 | K54: E2 | L54: 0.7359 | M54: 0.5482 | N54: E3 | O54: 0.109 | P54: 0.0956 | Q54: E4 | R54: 0.8742 | S54: 0.6805 | T54: E5 | U54: 0.2311 | V54: 0.205 | W54: E6 | X54: 0.7318 | Y54: 0.5609 | Z54: E7 | AA54: 0.2291 | AB54: 0.2238 | AC54: 0.0942
A55: Média | F55: =AVERAGE(F50:F54) -> 0.74252 | G55: =AVERAGE(G50:G54) -> 0.55146 | I55: =AVERAGE(I50:I54) -> 0.23402 | J55: =AVERAGE(J50:J54) -> 0.20552 | L55: =AVERAGE(L50:L54) -> 0.73994 | M55: =AVERAGE(M50:M54) -> 0.55036 | O55: =AVERAGE(O50:O54) -> 0.10802 | P55: =AVERAGE(P50:P54) -> 0.09524 | R55: =AVERAGE(R50:R54) -> 0.88312 | S55: =AVERAGE(S50:S54) -> 0.67286 | U55: =AVERAGE(U50:U54) -> 0.23238 | V55: =AVERAGE(V50:V54) -> 0.2056 | X55: =AVERAGE(X50:X54) -> 0.74 | Y55: =AVERAGE(Y50:Y54) -> 0.55294 | AA55: =AVERAGE(AA50:AA54) -> 0.23152 | AB55: =AVERAGE(AB50:AB54) -> 0.21824
A56: STD | F56: =_xlfn.STDEV.P(F50:F54) -> 0.0069002609 | G56: =_xlfn.STDEV.P(G50:G54) -> 0.013551177 | I56: =_xlfn.STDEV.P(I50:I54) -> 0.00099879928 | J56: =_xlfn.STDEV.P(J50:J54) -> 0.0021683173 | L56: =_xlfn.STDEV.P(L50:L54) -> 0.0025741795 | M56: =_xlfn.STDEV.P(M50:M54) -> 0.0021039011 | O56: =_xlfn.STDEV.P(O50:O54) -> 0.0016666133 | P56: =_xlfn.STDEV.P(P50:P54) -> 0.0021592591 | R56: =_xlfn.STDEV.P(R50:R54) -> 0.0047343004 | S56: =_xlfn.STDEV.P(S50:S54) -> 0.0038567344 | U56: =_xlfn.STDEV.P(U50:U54) -> 0.001726731 | V56: =_xlfn.STDEV.P(V50:V54) -> 0.0010276186 | X56: =_xlfn.STDEV.P(X50:X54) -> 0.0041602885 | Y56: =_xlfn.STDEV.P(Y50:Y54) -> 0.0043518272 | AA56: =_xlfn.STDEV.P(AA50:AA54) -> 0.0016702096 | AB56: =_xlfn.STDEV.P(AB50:AB54) -> 0.0029736173
A57: SNR (dB) | F57: =20*LOG10(F55/F56) -> 40.636853 | G57: =20*LOG10(G55/G56) -> 32.19074 | I57: =20*LOG10(I55/I56) -> 47.395495 | J57: =20*LOG10(J55/J56) -> 39.534625 | L57: =20*LOG10(L55/L56) -> 49.171154 | M57: =20*LOG10(M55/M56) -> 48.352431 | O57: =20*LOG10(O55/O56) -> 36.233386 | P57: =20*LOG10(P55/P56) -> 32.890292 | R57: =20*LOG10(R55/R56) -> 45.415278 | S57: =20*LOG10(S55/S56) -> 44.8341 | U57: =20*LOG10(U55/U56) -> 42.579481 | V57: =20*LOG10(V55/V56) -> 46.023823 | X57: =20*LOG10(X55/X56) -> 45.002166 | Y57: =20*LOG10(Y55/Y56) -> 42.080127 | AA57: =20*LOG10(AA55/AA56) -> 42.836351 | AB57: =20*LOG10(AB55/AB56) -> 37.312985 | AC57: =AVERAGE(F57:AB57) -> 42.03058
A58: Valor simulado | F58: 0.7705 | G58: 0.6738 | I58: 0.2466 | J58: 0.2456 | L58: 0.7705 | M58: 0.6738 | O58: 0.132 | P58: 0.1315 | R58: 0.9082 | S58: 0.8443 | U58: 0.2467 | V58: 0.2456 | X58: 0.7705 | Y58: 0.6738 | AA58: 0.2467 | AB58: 0.2456
A59: Acurácia | F59: =1-((F58-F55)/F55) -> 0.96231751 | G59: =1-((G58-G55)/G55) -> 0.77815254 | I59: =1-((I58-I55)/I55) -> 0.94624391 | J59: =1-((J58-J55)/J55) -> 0.80498248 | L59: =1-((L58-L55)/L55) -> 0.95869935 | M59: =1-((M58-M55)/M55) -> 0.77571044 | O59: =1-((O58-O55)/O55) -> 0.77800407 | P59: =1-((P58-P55)/P55) -> 0.61927761 | R59: =1-((R58-R55)/R55) -> 0.97160069 | S59: =1-((S58-S55)/S55) -> 0.74520703 | U59: =1-((U58-U55)/U55) -> 0.9383768 | V59: =1-((V58-V55)/V55) -> 0.80544747 | X59: =1-((X58-X55)/X55) -> 0.95878378 | Y59: =1-((Y58-Y55)/Y55) -> 0.78142294 | AA59: =1-((AA58-AA55)/AA55) -> 0.93443331 | AB59: =1-((AB58-AB55)/AB55) -> 0.87463343
A61: E5 conectado ao I1 e E4 conectado ao terra
B62: {=_xlfn._xlws.FILTER('Dado Bruto'!A:AB, ('Dado Bruto'!A:A=11) + ('Dado Bruto'!A:A=31) + ('Dado Bruto'!A:A=51)+ ('Dado Bruto'!A:A=71)+ ('Dado Bruto'!A:A=91), "Não encontrado")} -> 11 | C62: -> | D62: 0 | E62: E0 | F62: 0.2442 | G62: 0.2204 | H62: E1 | I62: 0.7491 | J62: 0.5768 | K62: E2 | L62: 0.2436 | M62: 0.2139 | N62: E3 | O62: 0.7589 | P62: 0.5701 | Q62: E4 | R62: 0.1076 | S62: 0.0943 | T62: E5 | U62: 0.9839 | V62: 0.7657 | W62: E6 | X62: 0.2451 | Y62: 0.2202 | Z62: E7 | AA62: 0.7565 | AB62: 0.5669 | AC62: 0.6787
B63: 31 | C63: -> | D63: 0 | E63: E0 | F63: 0.2508 | G63: 0.2283 | H63: E1 | I63: 0.7556 | J63: 0.5748 | K63: E2 | L63: 0.2437 | M63: 0.2211 | N63: E3 | O63: 0.7564 | P63: 0.5771 | Q63: E4 | R63: 0.1046 | S63: 0.0907 | T63: E5 | U63: 0.9864 | V63: 0.7732 | W63: E6 | X63: 0.2441 | Y63: 0.2194 | Z63: E7 | AA63: 0.7552 | AB63: 0.5668 | AC63: 0
B64: 51 | C64: -> | D64: 0 | E64: E0 | F64: 0.245 | G64: 0.2238 | H64: E1 | I64: 0.7571 | J64: 0.5765 | K64: E2 | L64: 0.2453 | M64: 0.2201 | N64: E3 | O64: 0.7512 | P64: 0.5769 | Q64: E4 | R64: 0.1074 | S64: 0.0956 | T64: E5 | U64: 0.9963 | V64: 0.7786 | W64: E6 | X64: 0.2447 | Y64: 0.2251 | Z64: E7 | AA64: 0.7618 | AB64: 0.575 | AC64: 0.3149
B65: 71 | C65: -> | D65: 0 | E65: E0 | F65: 0.2411 | G65: 0.225 | H65: E1 | I65: 0.7556 | J65: 0.5858 | K65: E2 | L65: 0.2443 | M65: 0.2241 | N65: E3 | O65: 0.7571 | P65: 0.5746 | Q65: E4 | R65: 0.1044 | S65: 0.0951 | T65: E5 | U65: 0.9858 | V65: 0.7694 | W65: E6 | X65: 0.2434 | Y65: 0.2214 | Z65: E7 | AA65: 0.7541 | AB65: 0.5724 | AC65: 0
B66: 91 | C66: -> | D66: 0 | E66: E0 | F66: 0.2457 | G66: 0.2215 | H66: E1 | I66: 0.7707 | J66: 0.5866 | K66: E2 | L66: 0.2459 | M66: 0.2222 | N66: E3 | O66: 0.7553 | P66: 0.5746 | Q66: E4 | R66: 0.1037 | S66: 0.0962 | T66: E5 | U66: 0.9896 | V66: 0.7739 | W66: E6 | X66: 0.2493 | Y66: 0.2227 | Z66: E7 | AA66: 0.754 | AB66: 0.5681 | AC66: 0
A67: Média | F67: =AVERAGE(F62:F66) -> 0.24536 | G67: =AVERAGE(G62:G66) -> 0.2238 | I67: =AVERAGE(I62:I66) -> 0.75762 | J67: =AVERAGE(J62:J66) -> 0.5801 | L67: =AVERAGE(L62:L66) -> 0.24456 | M67: =AVERAGE(M62:M66) -> 0.22028 | O67: =AVERAGE(O62:O66) -> 0.75578 | P67: =AVERAGE(P62:P66) -> 0.57466 | R67: =AVERAGE(R62:R66) -> 0.10554 | S67: =AVERAGE(S62:S66) -> 0.09438 | U67: =AVERAGE(U62:U66) -> 0.9884 | V67: =AVERAGE(V62:V66) -> 0.77216 | X67: =AVERAGE(X62:X66) -> 0.24532 | Y67: =AVERAGE(Y62:Y66) -> 0.22176 | AA67: =AVERAGE(AA62:AA66) -> 0.75632 | AB67: =AVERAGE(AB62:AB66) -> 0.56984
A68: STD | F68: =_xlfn.STDEV.P(F62:F66) -> 0.0031410826 | G68: =_xlfn.STDEV.P(G62:G66) -> 0.0027763285 | I68: =_xlfn.STDEV.P(I62:I66) -> 0.0071008169 | J68: =_xlfn.STDEV.P(J62:J66) -> 0.0050334879 | L68: =_xlfn.STDEV.P(L62:L66) -> 0.00090244113 | M68: =_xlfn.STDEV.P(M62:M66) -> 0.0034550832 | O68: =_xlfn.STDEV.P(O62:O66) -> 0.002571692 | P68: =_xlfn.STDEV.P(P62:P66) -> 0.0025207935 | R68: =_xlfn.STDEV.P(R62:R66) -> 0.0016292329 | S68: =_xlfn.STDEV.P(S62:S66) -> 0.0019425756 | U68: =_xlfn.STDEV.P(U62:U66) -> 0.0043556859 | V68: =_xlfn.STDEV.P(V62:V66) -> 0.0043573386 | X68: =_xlfn.STDEV.P(X62:X66) -> 0.002071135 | Y68: =_xlfn.STDEV.P(Y62:Y66) -> 0.0020085816 | AA68: =_xlfn.STDEV.P(AA62:AA66) -> 0.0028854116 | AB68: =_xlfn.STDEV.P(AB62:AB66) -> 0.0032891336
A69: SNR (dB) | F69: =20*LOG10(F67/F68) -> 37.854488 | G69: =20*LOG10(G67/G68) -> 38.127785 | I69: =20*LOG10(I67/I68) -> 40.562862 | J69: =20*LOG10(J67/J68) -> 41.232677 | L69: =20*LOG10(L67/L68) -> 48.659331 | M69: =20*LOG10(M67/M68) -> 36.090331 | O69: =20*LOG10(O67/O68) -> 49.363529 | P69: =20*LOG10(P67/P68) -> 47.157474 | R69: =20*LOG10(R67/R68) -> 36.228678 | S69: =20*LOG10(S67/S68) -> 33.730041 | U69: =20*LOG10(U67/U68) -> 47.117524 | V69: =20*LOG10(V67/V68) -> 44.96972 | X69: =20*LOG10(X67/X68) -> 41.470491 | Y69: =20*LOG10(Y67/Y68) -> 40.859875 | AA69: =20*LOG10(AA67/AA68) -> 48.369956 | AB69: =20*LOG10(AB67/AB68) -> 44.773428 | AC69: =AVERAGE(F69:AB69) -> 42.285512
A70: Valor simulado | F70: 0.2698 | G70: 0.2688 | I70: 0.7935 | J70: 0.6955 | L70: 0.2698 | M70: 0.2688 | O70: 0.7935 | P70: 0.6955 | R70: 0.132 | S70: 0.1315 | U70: 1.0395 | V70: 0.9305 | X70: 0.2698 | Y70: 0.2688 | AA70: 0.7935 | AB70: 0.6955
A71: Acurácia | F71: =1-((F70-F67)/F67) -> 0.90039126 | G71: =1-((G70-G67)/G67) -> 0.79892761 | I71: =1-((I70-I67)/I67) -> 0.95264117 | J71: =1-((J70-J67)/J67) -> 0.80106878 | L71: =1-((L70-L67)/L67) -> 0.89679424 | M71: =1-((M70-M67)/M67) -> 0.77973488 | O71: =1-((O70-O67)/O67) -> 0.9500913 | P71: =1-((P70-P67)/P67) -> 0.78971914 | R71: =1-((R70-R67)/R67) -> 0.74928937 | S71: =1-((S70-S67)/S67) -> 0.60669633 | U71: =1-((U70-U67)/U67) -> 0.94830028 | V71: =1-((V70-V67)/V67) -> 0.79493887 | X71: =1-((X70-X67)/X67) -> 0.90021197 | Y71: =1-((Y70-Y67)/Y67) -> 0.78787879 | AA71: =1-((AA70-AA67)/AA67) -> 0.95084091 | AB71: =1-((AB70-AB67)/AB67) -> 0.77948196
A73: E6 conectado ao I1 e E5 conectado ao terra
B74: {=_xlfn._xlws.FILTER('Dado Bruto'!A:AB, ('Dado Bruto'!A:A=13) + ('Dado Bruto'!A:A=33) + ('Dado Bruto'!A:A=53)+ ('Dado Bruto'!A:A=73)+ ('Dado Bruto'!A:A=93), "Não encontrado")} -> 13 | C74: -> | D74: 0 | E74: E0 | F74: 0.8567 | G74: 0.6436 | H74: E1 | I74: 0.345 | J74: 0.3043 | K74: E2 | L74: 0.8549 | M74: 0.6414 | N74: E3 | O74: 0.3462 | P74: 0.3036 | Q74: E4 | R74: 0.8564 | S74: 0.6433 | T74: E5 | U74: 0.1042 | V74: 0.0901 | W74: E6 | X74: 0.9156 | Y74: 0.6937 | Z74: E7 | AA74: 0.3458 | AB74: 0.3122 | AC74: 0.3222
B75: 33 | C75: -> | D75: 0 | E75: E0 | F75: 0.8557 | G75: 0.6358 | H75: E1 | I75: 0.3449 | J75: 0.3013 | K75: E2 | L75: 0.8512 | M75: 0.6394 | N75: E3 | O75: 0.3489 | P75: 0.3118 | Q75: E4 | R75: 0.856 | S75: 0.6437 | T75: E5 | U75: 0.1039 | V75: 0.0919 | W75: E6 | X75: 0.9141 | Y75: 0.6922 | Z75: E7 | AA75: 0.3463 | AB75: 0.3116 | AC75: 0
B76: 53 | C76: -> | D76: 0 | E76: E0 | F76: 0.853 | G76: 0.6432 | H76: E1 | I76: 0.3421 | J76: 0.3022 | K76: E2 | L76: 0.8519 | M76: 0.6479 | N76: E3 | O76: 0.3437 | P76: 0.298 | Q76: E4 | R76: 0.858 | S76: 0.6487 | T76: E5 | U76: 0.1051 | V76: 0.0915 | W76: E6 | X76: 0.9178 | Y76: 0.6889 | Z76: E7 | AA76: 0.3466 | AB76: 0.3155 | AC76: 0.6456
B77: 73 | C77: -> | D77: 0 | E77: E0 | F77: 0.8588 | G77: 0.6448 | H77: E1 | I77: 0.3479 | J77: 0.308 | K77: E2 | L77: 0.8481 | M77: 0.6536 | N77: E3 | O77: 0.3462 | P77: 0.2879 | Q77: E4 | R77: 0.8544 | S77: 0.6493 | T77: E5 | U77: 0.1057 | V77: 0.0939 | W77: E6 | X77: 0.9132 | Y77: 0.6884 | Z77: E7 | AA77: 0.345 | AB77: 0.313 | AC77: 0
B78: 93 | C78: -> | D78: 0 | E78: E0 | F78: 0.8598 | G78: 0.63 | H78: E1 | I78: 0.3445 | J78: 0.299 | K78: E2 | L78: 0.8507 | M78: 0.6372 | N78: E3 | O78: 0.3486 | P78: 0.3061 | Q78: E4 | R78: 0.8556 | S78: 0.6415 | T78: E5 | U78: 0.1046 | V78: 0.0917 | W78: E6 | X78: 0.9172 | Y78: 0.6925 | Z78: E7 | AA78: 0.3516 | AB78: 0.3173 | AC78: 0
A79: Média | F79: =AVERAGE(F74:F78) -> 0.8568 | G79: =AVERAGE(G74:G78) -> 0.63948 | I79: =AVERAGE(I74:I78) -> 0.34488 | J79: =AVERAGE(J74:J78) -> 0.30296 | L79: =AVERAGE(L74:L78) -> 0.85136 | M79: =AVERAGE(M74:M78) -> 0.6439 | O79: =AVERAGE(O74:O78) -> 0.34672 | P79: =AVERAGE(P74:P78) -> 0.30148 | R79: =AVERAGE(R74:R78) -> 0.85608 | S79: =AVERAGE(S74:S78) -> 0.6453 | U79: =AVERAGE(U74:U78) -> 0.1047 | V79: =AVERAGE(V74:V78) -> 0.09182 | X79: =AVERAGE(X74:X78) -> 0.91558 | Y79: =AVERAGE(Y74:Y78) -> 0.69114 | AA79: =AVERAGE(AA74:AA78) -> 0.34706 | AB79: =AVERAGE(AB74:AB78) -> 0.31392
A80: STD | F80: =_xlfn.STDEV.P(F74:F78) -> 0.0023941596 | G80: =_xlfn.STDEV.P(G74:G78) -> 0.0057013683 | I80: =_xlfn.STDEV.P(I74:I78) -> 0.0018443427 | J80: =_xlfn.STDEV.P(J74:J78) -> 0.0030401316 | L80: =_xlfn.STDEV.P(L74:L78) -> 0.0021868699 | M80: =_xlfn.STDEV.P(M74:M78) -> 0.0060246162 | O80: =_xlfn.STDEV.P(O74:O78) -> 0.001894624 | P80: =_xlfn.STDEV.P(P74:P78) -> 0.0081100925 | R80: =_xlfn.STDEV.P(R74:R78) -> 0.0011702991 | S80: =_xlfn.STDEV.P(S74:S78) -> 0.0031164082 | U80: =_xlfn.STDEV.P(U74:U78) -> 0.00064187226 | V80: =_xlfn.STDEV.P(V74:V78) -> 0.0012172099 | X80: =_xlfn.STDEV.P(X74:X78) -> 0.0017554487 | Y80: =_xlfn.STDEV.P(Y74:Y78) -> 0.0021000952 | AA80: =_xlfn.STDEV.P(AA74:AA78) -> 0.0023337523 | AB80: =_xlfn.STDEV.P(AB74:AB78) -> 0.0021497907
A81: SNR (dB) | F81: =20*LOG10(F79/F80) -> 51.074527 | G81: =20*LOG10(G79/G80) -> 40.996957 | I81: =20*LOG10(I79/I80) -> 45.436528 | J81: =20*LOG10(J79/J80) -> 39.969858 | L81: =20*LOG10(L79/L80) -> 51.805806 | M81: =20*LOG10(M79/M80) -> 40.577781 | O81: =20*LOG10(O79/O80) -> 45.249117 | P81: =20*LOG10(P79/P80) -> 31.404654 | R81: =20*LOG10(R79/R80) -> 57.28435 | S81: =20*LOG10(S79/S80) -> 46.322147 | U81: =20*LOG10(U79/U80) -> 44.249961 | V81: =20*LOG10(V79/V80) -> 37.551436 | X81: =20*LOG10(X79/X80) -> 54.346163 | Y81: =20*LOG10(Y79/Y80) -> 50.346541 | AA81: =20*LOG10(AA79/AA80) -> 43.446996 | AB81: =20*LOG10(AB79/AB80) -> 43.288456 | AC81: =AVERAGE(F81:AB81) -> 45.209455
A82: Valor simulado | F82: 0.9018 | G82: 0.7982 | I82: 0.3781 | J82: 0.3766 | L82: 0.9018 | M82: 0.7982 | O82: 0.3781 | P82: 0.3766 | R82: 0.9018 | S82: 0.7982 | U82: 0.132 | V82: 0.1315 | X82: 0.953 | Y82: 0.8472 | AA82: 0.3781 | AB82: 0.3766
A83: Acurácia | F83: =1-((F82-F79)/F79) -> 0.94747899 | G83: =1-((G82-G79)/G79) -> 0.75179834 | I83: =1-((I82-I79)/I79) -> 0.90367664 | J83: =1-((J82-J79)/J79) -> 0.75693161 | L83: =1-((L82-L79)/L79) -> 0.94075362 | M83: =1-((M82-M79)/M79) -> 0.76036652 | O83: =1-((O82-O79)/O79) -> 0.90949469 | P83: =1-((P82-P79)/P79) -> 0.75082924 | R83: =1-((R82-R79)/R79) -> 0.94659378 | S83: =1-((S82-S79)/S79) -> 0.76305594 | U83: =1-((U82-U79)/U79) -> 0.73925501 | V83: =1-((V82-V79)/V79) -> 0.56785014 | X83: =1-((X82-X79)/X79) -> 0.95912973 | Y83: =1-((Y82-Y79)/Y79) -> 0.77419915 | AA83: =1-((AA82-AA79)/AA79) -> 0.91056302 | AB83: =1-((AB82-AB79)/AB79) -> 0.80033129
A85: E7 conectado ao I1 e E6 conectado ao terra
B86: {=_xlfn._xlws.FILTER('Dado Bruto'!A:AB, ('Dado Bruto'!A:A=15) + ('Dado Bruto'!A:A=35) + ('Dado Bruto'!A:A=55)+ ('Dado Bruto'!A:A=75)+ ('Dado Bruto'!A:A=95), "Não encontrado")} -> 15 | C86: -> | D86: 0 | E86: E0 | F86: 0.1713 | G86: 0.1623 | H86: E1 | I86: 0.682 | J86: 0.5044 | K86: E2 | L86: 0.1679 | M86: 0.1498 | N86: E3 | O86: 0.6823 | P86: 0.5064 | Q86: E4 | R86: 0.1697 | S86: 0.1526 | T86: E5 | U86: 0.6797 | V86: 0.5016 | W86: E6 | X86: 0.1055 | Y86: 0.0932 | Z86: E7 | AA86: 1.018 | AB86: 0.7902 | AC86: 0.8674
B87: 35 | C87: -> | D87: 0 | E87: E0 | F87: 0.1687 | G87: 0.1622 | H87: E1 | I87: 0.6818 | J87: 0.4981 | K87: E2 | L87: 0.1713 | M87: 0.1526 | N87: E3 | O87: 0.68 | P87: 0.502 | Q87: E4 | R87: 0.1702 | S87: 0.1536 | T87: E5 | U87: 0.6794 | V87: 0.5057 | W87: E6 | X87: 0.1058 | Y87: 0.0942 | Z87: E7 | AA87: 1.019 | AB87: 0.7856 | AC87: 0
B88: 55 | C88: -> | D88: 0 | E88: E0 | F88: 0.1669 | G88: 0.1554 | H88: E1 | I88: 0.6784 | J88: 0.5038 | K88: E2 | L88: 0.1682 | M88: 0.1532 | N88: E3 | O88: 0.6823 | P88: 0.506 | Q88: E4 | R88: 0.1694 | S88: 0.1501 | T88: E5 | U88: 0.6792 | V88: 0.5041 | W88: E6 | X88: 0.1043 | Y88: 0.0939 | Z88: E7 | AA88: 1.0197 | AB88: 0.7949 | AC88: 0.2176
B89: 75 | C89: -> | D89: 0 | E89: E0 | F89: 0.1653 | G89: 0.1626 | H89: E1 | I89: 0.6802 | J89: 0.5038 | K89: E2 | L89: 0.1681 | M89: 0.1528 | N89: E3 | O89: 0.6811 | P89: 0.5065 | Q89: E4 | R89: 0.1691 | S89: 0.1415 | T89: E5 | U89: 0.681 | V89: 0.5052 | W89: E6 | X89: 0.1053 | Y89: 0.0956 | Z89: E7 | AA89: 1.0154 | AB89: 0.7831 | AC89: 0
B90: 95 | C90: -> | D90: 0 | E90: E0 | F90: 0.1714 | G90: 0.162 | H90: E1 | I90: 0.6823 | J90: 0.5117 | K90: E2 | L90: 0.1673 | M90: 0.1549 | N90: E3 | O90: 0.6797 | P90: 0.5071 | Q90: E4 | R90: 0.17 | S90: 0.1529 | T90: E5 | U90: 0.6779 | V90: 0.5068 | W90: E6 | X90: 0.1032 | Y90: 0.0959 | Z90: E7 | AA90: 1.015 | AB90: 0.7831 | AC90: 0.6974
A91: Média | F91: =AVERAGE(F86:F90) -> 0.16872 | G91: =AVERAGE(G86:G90) -> 0.1609 | I91: =AVERAGE(I86:I90) -> 0.68094 | J91: =AVERAGE(J86:J90) -> 0.50436 | L91: =AVERAGE(L86:L90) -> 0.16856 | M91: =AVERAGE(M86:M90) -> 0.15266 | O91: =AVERAGE(O86:O90) -> 0.68108 | P91: =AVERAGE(P86:P90) -> 0.5056 | R91: =AVERAGE(R86:R90) -> 0.16968 | S91: =AVERAGE(S86:S90) -> 0.15014 | U91: =AVERAGE(U86:U90) -> 0.67944 | V91: =AVERAGE(V86:V90) -> 0.50468 | X91: =AVERAGE(X86:X90) -> 0.10482 | Y91: =AVERAGE(Y86:Y90) -> 0.09456 | AA91: =AVERAGE(AA86:AA90) -> 1.01742 | AB91: =AVERAGE(AB86:AB90) -> 0.78738
A92: STD | F92: =_xlfn.STDEV.P(F86:F90) -> 0.0024019992 | G92: =_xlfn.STDEV.P(G86:G90) -> 0.0027568098 | I92: =_xlfn.STDEV.P(I86:I90) -> 0.001463694 | J92: =_xlfn.STDEV.P(J86:J90) -> 0.0043287874 | L92: =_xlfn.STDEV.P(L86:L90) -> 0.0014051334 | M92: =_xlfn.STDEV.P(M86:M90) -> 0.0016438978 | O92: =_xlfn.STDEV.P(O86:O90) -> 0.0010998182 | P92: =_xlfn.STDEV.P(P86:P90) -> 0.001834121 | R92: =_xlfn.STDEV.P(R86:R90) -> 0.00039698866 | S92: =_xlfn.STDEV.P(S86:S90) -> 0.0044786605 | U92: =_xlfn.STDEV.P(U86:U90) -> 0.00099317672 | V92: =_xlfn.STDEV.P(V86:V90) -> 0.0017679367 | X92: =_xlfn.STDEV.P(X86:X90) -> 0.00095372952 | Y92: =_xlfn.STDEV.P(Y86:Y90) -> 0.0010287857 | AA92: =_xlfn.STDEV.P(AA86:AA90) -> 0.0018956793 | AB92: =_xlfn.STDEV.P(AB86:AB90) -> 0.0045674501
A93: SNR (dB) | F93: =20*LOG10(F91/F92) -> 36.931874 | G93: =20*LOG10(G91/G92) -> 35.322985 | I93: =20*LOG10(I91/I92) -> 53.353171 | J93: =20*LOG10(J91/J92) -> 41.327488 | L93: =20*LOG10(L91/L92) -> 41.580739 | M93: =20*LOG10(M91/M92) -> 39.357009 | O93: =20*LOG10(O91/O92) -> 55.837545 | P93: =20*LOG10(P91/P92) -> 48.807581 | R93: =20*LOG10(R91/R92) -> 52.617051 | S93: =20*LOG10(S91/S92) -> 30.506965 | U93: =20*LOG10(U91/U92) -> 56.702492 | V93: =20*LOG10(V91/V92) -> 49.110988 | X93: =20*LOG10(X91/X92) -> 40.820379 | Y93: =20*LOG10(Y91/Y92) -> 39.267651 | AA93: =20*LOG10(AA91/AA92) -> 54.594708 | AB93: =20*LOG10(AB91/AB92) -> 44.730211 | AC93: =AVERAGE(F93:AB93) -> 45.054302
A94: Valor simulado | F94: 0.1832 | G94: 0.1825 | I94: 0.707 | J94: 0.6147 | L94: 0.1832 | M94: 0.1825 | O94: 0.707 | P94: 0.6147 | R94: 0.1832 | S94: 0.1825 | U94: 0.707 | V94: 0.6147 | X94: 0.132 | Y94: 0.1315 | AA94: 1.0658 | AB94: 0.956
A95: Acurácia | F95: =1-((F94-F91)/F91) -> 0.91417734 | G95: =1-((G94-G91)/G91) -> 0.86575513 | I95: =1-((I94-I91)/I91) -> 0.96172937 | J95: =1-((J94-J91)/J91) -> 0.78122769 | L95: =1-((L94-L91)/L91) -> 0.91314665 | M95: =1-((M94-M91)/M91) -> 0.80453295 | O95: =1-((O94-O91)/O91) -> 0.9619428 | P95: =1-((P94-P91)/P91) -> 0.78421677 | R95: =1-((R94-R91)/R91) -> 0.9203206 | S95: =1-((S94-S91)/S91) -> 0.78446783 | U95: =1-((U94-U91)/U91) -> 0.95943718 | V95: =1-((V94-V91)/V91) -> 0.78200048 | X95: =1-((X94-X91)/X91) -> 0.74069834 | Y95: =1-((Y94-Y91)/Y91) -> 0.60934856 | AA95: =1-((+AA94-AA91)/AA91) -> 0.95244835 | AB95: =1-((+AB94-AB91)/AB91) -> 0.78584673
A97: E0 conectado ao I1 e E7 conectado ao terra
B98: {=_xlfn._xlws.FILTER('Dado Bruto'!A:AB, ('Dado Bruto'!A:A=17) + ('Dado Bruto'!A:A=37) + ('Dado Bruto'!A:A=57)+ ('Dado Bruto'!A:A=77)+ ('Dado Bruto'!A:A=97), "Não encontrado")} -> 17 | C98: -> | D98: 0 | E98: E0 | F98: 1.0814 | G98: 0.7956 | H98: E1 | I98: 0.4504 | J98: 0.3746 | K98: E2 | L98: 0.9419 | M98: 0.6982 | N98: E3 | O98: 0.4518 | P98: 0.393 | Q98: E4 | R98: 0.9466 | S98: 0.7178 | T98: E5 | U98: 0.4487 | V98: 0.3874 | W98: E6 | X98: 0.9511 | Y98: 0.7056 | Z98: E7 | AA98: 0.105 | AB98: 0.092 | AC98: 0.0953
B99: 37 | C99: -> | D99: 0 | E99: E0 | F99: 1.1013 | G99: 0.7983 | H99: E1 | I99: 0.4561 | J99: 0.3697 | K99: E2 | L99: 0.9565 | M99: 0.6906 | N99: E3 | O99: 0.454 | P99: 0.3747 | Q99: E4 | R99: 0.9654 | S99: 0.6905 | T99: E5 | U99: 0.4523 | V99: 0.3682 | W99: E6 | X99: 0.9579 | Y99: 0.6845 | Z99: E7 | AA99: 0.1048 | AB99: 0.084 | AC99: 0
B100: 57 | C100: -> | D100: 0 | E100: E0 | F100: 1.1032 | G100: 0.7946 | H100: E1 | I100: 0.453 | J100: 0.37 | K100: E2 | L100: 0.9595 | M100: 0.6899 | N100: E3 | O100: 0.4513 | P100: 0.3662 | Q100: E4 | R100: 0.9608 | S100: 0.6809 | T100: E5 | U100: 0.4547 | V100: 0.3741 | W100: E6 | X100: 0.9551 | Y100: 0.6722 | Z100: E7 | AA100: 0.1032 | AB100: 0.0861 | AC100: 0.6795
B101: 77 | C101: -> | D101: 0 | E101: E0 | F101: 1.1035 | G101: 0.7996 | H101: E1 | I101: 0.451 | J101: 0.3741 | K101: E2 | L101: 0.9625 | M101: 0.6978 | N101: E3 | O101: 0.4553 | P101: 0.3719 | Q101: E4 | R101: 0.9593 | S101: 0.6899 | T101: E5 | U101: 0.4572 | V101: 0.3737 | W101: E6 | X101: 0.9605 | Y101: 0.7038 | Z101: E7 | AA101: 0.1054 | AB101: 0.0894 | AC101: 0
B102: 97 | C102: -> | D102: 0 | E102: E0 | F102: 1.1071 | G102: 0.7975 | H102: E1 | I102: 0.4567 | J102: 0.3775 | K102: E2 | L102: 0.9619 | M102: 0.6994 | N102: E3 | O102: 0.4543 | P102: 0.3738 | Q102: E4 | R102: 0.9653 | S102: 0.7006 | T102: E5 | U102: 0.4546 | V102: 0.3735 | W102: E6 | X102: 0.9595 | Y102: 0.6982 | Z102: E7 | AA102: 0.1052 | AB102: 0.0907 | AC102: 0.3451
A103: Média | F103: =AVERAGE(F98:F102) -> 1.0993 | G103: =AVERAGE(G98:G102) -> 0.79712 | I103: =AVERAGE(I98:I102) -> 0.45344 | J103: =AVERAGE(J98:J102) -> 0.37318 | L103: =AVERAGE(L98:L102) -> 0.95646 | M103: =AVERAGE(M98:M102) -> 0.69518 | O103: =AVERAGE(O98:O102) -> 0.45334 | P103: =AVERAGE(P98:P102) -> 0.37592 | R103: =AVERAGE(R98:R102) -> 0.95948 | S103: =AVERAGE(S98:S102) -> 0.69594 | U103: =AVERAGE(U98:U102) -> 0.4535 | V103: =AVERAGE(V98:V102) -> 0.37538 | X103: =AVERAGE(X98:X102) -> 0.95682 | Y103: =AVERAGE(Y98:Y102) -> 0.69286 | AA103: =AVERAGE(AA98:AA102) -> 0.10472 | AB103: =AVERAGE(AB98:AB102) -> 0.08844
A104: STD | F104: =_xlfn.STDEV.P(F98:F102) -> 0.0091443972 | G104: =_xlfn.STDEV.P(G98:G102) -> 0.0018082035 | I104: =_xlfn.STDEV.P(I98:I102) -> 0.0025726251 | J104: =_xlfn.STDEV.P(J98:J102) -> 0.0029579723 | L104: =_xlfn.STDEV.P(L98:L102) -> 0.0075803958 | M104: =_xlfn.STDEV.P(M98:M102) -> 0.0040656611 | O104: =_xlfn.STDEV.P(O98:O102) -> 0.0015317963 | P104: =_xlfn.STDEV.P(P98:P102) -> 0.0090371234 | R104: =_xlfn.STDEV.P(R98:R102) -> 0.006878779 | S104: =_xlfn.STDEV.P(S98:S102) -> 0.01258453 | U104: =_xlfn.STDEV.P(U98:U102) -> 0.0028572714 | V104: =_xlfn.STDEV.P(V98:V102) -> 0.0063879261 | X104: =_xlfn.STDEV.P(X98:X102) -> 0.0033931696 | Y104: =_xlfn.STDEV.P(Y98:Y102) -> 0.012706156 | AA104: =_xlfn.STDEV.P(AA98:AA102) -> 0.00078587531 | AB104: =_xlfn.STDEV.P(AB98:AB102) -> 0.0029628365
A105: SNR (dB) | F105: =20*LOG10(F103/F104) -> 41.599223 | G105: =20*LOG10(G103/G104) -> 52.885528 | I105: =20*LOG10(I103/I104) -> 44.922866 | J105: =20*LOG10(J103/J104) -> 42.018485 | L105: =20*LOG10(L103/L104) -> 42.019499 | M105: =20*LOG10(M103/M104) -> 44.659322 | O105: =20*LOG10(O103/O104) -> 49.42446 | P105: =20*LOG10(P103/P104) -> 32.381304 | R105: =20*LOG10(R103/R104) -> 42.890491 | S105: =20*LOG10(S103/S104) -> 34.854696 | U105: =20*LOG10(U103/U104) -> 44.012516 | V105: =20*LOG10(V103/V104) -> 35.382225 | X105: =20*LOG10(X103/X104) -> 49.004494 | Y105: =20*LOG10(Y103/Y104) -> 34.732626 | AA105: =20*LOG10(AA103/AA104) -> 42.49352 | AB105: =20*LOG10(AB103/AB104) -> 29.498821 | AC105: =AVERAGE(F105:AB105) -> 41.423755
A106: Valor simulado | F106: 1.1881 | G106: 1.0748 | I106: 0.491 | J106: 0.4891 | L106: 1.0144 | M106: 0.9064 | O106: 0.491 | P106: 0.4891 | R106: 1.0144 | S106: 0.9064 | U106: 0.491 | V106: 0.4891 | X106: 1.0144 | Y106: 0.9064 | AA106: 0.132 | AB106: 0.1315
A107: Acurácia | F107: =1-((F106-F103)/F103) -> 0.91922132 | G107: =1-((G106-G103)/G103) -> 0.65164593 | I107: =1-((I106-I103)/I103) -> 0.91716655 | J107: =1-((J106-J103)/J103) -> 0.68937242 | L107: =1-((L106-L103)/L103) -> 0.93942245 | M107: =1-((M106-M103)/M103) -> 0.69616502 | O107: =1-((O106-O103)/O103) -> 0.91692769 | P107: =1-((P106-P103)/P103) -> 0.6989253 | R107: =1-((R106-R103)/R103) -> 0.94276066 | S107: =1-((S106-S103)/S103) -> 0.69758887 | U107: =1-((U106-U103)/U103) -> 0.91730981 | V107: =1-((V106-V103)/V103) -> 0.69705365 | X107: =1-((X106-X103)/X103) -> 0.93982149 | Y107: =1-((Y106-Y103)/Y103) -> 0.69179921 | AA107: =1-((+AA106-AA103)/AA103) -> 0.7394958 | AB107: =1-((+AB106-AB103)/AB103) -> 0.51311624

Sheet Config Multisim

Sheet Acurácia
AK14: E3 E5 E7 | AL14: DP

Sheet Acurácia e DP
A1: CORRENTE
B2: 1 | C2: -> | D2: 0 | E2: E91 | F2: 1.5264 | G2: 1.0866 | H2: E92 | I2: 0 | J2: 0 | K2: 0 | L2: 0 | M2: 0 | N2: 0 | O2: 0 | P2: 0 | Q2: 0 | R2: 0 | S2: 0 | T2: 0 | U2: 0 | V2: 0 | W2: 0 | X2: 0 | Y2: 0 | Z2: 0 | AA2: 0 | AB2: 0
B3: 21 | C3: -> | D3: 0 | E3: E91 | F3: 1.5277 | G3: 1.0574 | H3: E92 | I3: 0 | J3: 0 | K3: 0 | L3: 0 | M3: 0 | N3: 0 | O3: 0 | P3: 0 | Q3: 0 | R3: 0 | S3: 0 | T3: 0 | U3: 0 | V3: 0 | W3: 0 | X3: 0 | Y3: 0 | Z3: 0 | AA3: 0 | AB3: 0
B4: 41 | C4: -> | D4: 0 | E4: E91 | F4: 1.5607 | G4: 1.0449 | H4: E92 | I4: 0 | J4: 0 | K4: 0 | L4: 0 | M4: 0 | N4: 0 | O4: 0 | P4: 0 | Q4: 0 | R4: 0 | S4: 0 | T4: 0 | U4: 0 | V4: 0 | W4: 0 | X4: 0 | Y4: 0 | Z4: 0 | AA4: 0 | AB4: 0
B5: 61 | C5: -> | D5: 0 | E5: E91 | F5: 1.5638 | G5: 1.038 | H5: E92 | I5: 0 | J5: 0 | K5: 0 | L5: 0 | M5: 0 | N5: 0 | O5: 0 | P5: 0 | Q5: 0 | R5: 0 | S5: 0 | T5: 0 | U5: 0 | V5: 0 | W5: 0 | X5: 0 | Y5: 0 | Z5: 0 | AA5: 0 | AB5: 0
B6: 81 | C6: -> | D6: 0 | E6: E91 | F6: 1.5324 | G6: 1.0791 | H6: E92 | I6: 0 | J6: 0 | K6: 0 | L6: 0 | M6: 0 | N6: 0 | O6: 0 | P6: 0 | Q6: 0 | R6: 0 | S6: 0 | T6: 0 | U6: 0 | V6: 0 | W6: 0 | X6: 0 | Y6: 0 | Z6: 0 | AA6: 0 | AB6: 0
A7: Média | F7: 1.5422 | G7: 1.0612
A8: STD | F8: 0.016521138 | G8: 0.018888833
A9: SNR (dB) | F9: 39.402015 | G9: 34.991842
A10: Valor simulado | F10: 1.056 | G10: 1.0518
A11: Acurácia | F11: 0.53958333 | G11: 0.99106294
A13: E1 conectado ao I1 e E0 conectado ao terra
B14: 3 | C14: -> | D14: 0 | E14: E0 | F14: 0.1079 | G14: 0.0984 | H14: E1 | I14: 1.0379 | J14: 0.8064 | K14: E2 | L14: 0.2812 | M14: 0.247 | N14: E3 | O14: 0.7971 | P14: 0.5988 | Q14: E4 | R14: 0.2839 | S14: 0.2535 | T14: E5 | U14: 0.7933 | V14: 0.5959 | W14: E6 | X14: 0.2837 | Y14: 0.2438 | Z14: E7 | AA14: 0.7922 | AB14: 0.5954
B15: 23 | C15: -> | D15: 0 | E15: E0 | F15: 0.1072 | G15: 0.0936 | H15: E1 | I15: 1.0344 | J15: 0.7984 | K15: E2 | L15: 0.2805 | M15: 0.2466 | N15: E3 | O15: 0.7957 | P15: 0.599 | Q15: E4 | R15: 0.2834 | S15: 0.2494 | T15: E5 | U15: 0.7926 | V15: 0.5971 | W15: E6 | X15: 0.2828 | Y15: 0.2497 | Z15: E7 | AA15: 0.7933 | AB15: 0.595
B16: 43 | C16: -> | D16: 0 | E16: E0 | F16: 0.108 | G16: 0.1032 | H16: E1 | I16: 1.0354 | J16: 0.7988 | K16: E2 | L16: 0.2784 | M16: 0.2488 | N16: E3 | O16: 0.7921 | P16: 0.5963 | Q16: E4 | R16: 0.283 | S16: 0.252 | T16: E5 | U16: 0.793 | V16: 0.6004 | W16: E6 | X16: 0.2832 | Y16: 0.2457 | Z16: E7 | AA16: 0.7928 | AB16: 0.5958
B17: 63 | C17: -> | D17: 0 | E17: E0 | F17: 0.1078 | G17: 0.0984 | H17: E1 | I17: 1.0389 | J17: 0.8091 | K17: E2 | L17: 0.2855 | M17: 0.2491 | N17: E3 | O17: 0.7939 | P17: 0.5977 | Q17: E4 | R17: 0.2862 | S17: 0.25 | T17: E5 | U17: 0.7932 | V17: 0.5948 | W17: E6 | X17: 0.2791 | Y17: 0.2451 | Z17: E7 | AA17: 0.7933 | AB17: 0.5959
B18: 83 | C18: -> | D18: 0 | E18: E0 | F18: 0.1099 | G18: 0.0965 | H18: E1 | I18: 1.0352 | J18: 0.8 | K18: E2 | L18: 0.2823 | M18: 0.2504 | N18: E3 | O18: 0.7939 | P18: 0.5952 | Q18: E4 | R18: 0.2839 | S18: 0.2515 | T18: E5 | U18: 0.7932 | V18: 0.5976 | W18: E6 | X18: 0.2823 | Y18: 0.2499 | Z18: E7 | AA18: 0.7946 | AB18: 0.5968
A19: Média | F19: 0.10816 | G19: 0.09802 | I19: 1.03636 | J19: 0.80254 | L19: 0.28158 | M19: 0.24838 | O19: 0.79454 | P19: 0.5974 | R19: 0.28408 | S19: 0.25128 | U19: 0.79306 | V19: 0.59716 | X19: 0.28222 | Y19: 0.24684 | AA19: 0.79324 | AB19: 0.59578
A20: STD | F20: 0.00091345498 | G20: 0.0031294728 | I20: 0.0017281204 | J20: 0.0043706292 | L20: 0.0023370066 | M20: 0.0014034244 | O20: 0.001713009 | P20: 0.001460137 | R20: 0.0011124747 | S20: 0.0014606848 | U20: 0.00024979992 | V20: 0.0018895502 | X20: 0.00162653 | Y20: 0.0024944739 | AA20: 0.00079145436 | AB20: 0.00060133186
A21: SNR (dB) | F21: 41.467591 | G21: 29.91687 | I21: 55.558733 | J21: 45.278454 | L21: 41.618837 | M21: 44.958552 | O21: 53.327122 | P21: 52.237432 | R21: 48.14301 | S21: 44.712028 | U21: 70.034275 | V21: 49.994645 | X21: 44.786514 | Y21: 39.908731 | AA21: 60.019575 | AB21: 59.919434
A22: Valor simulado | F22: 0.132 | G22: 0.1315 | I22: 1.0964 | J22: 0.9857 | L22: 0.3057 | M22: 0.3045 | O22: 0.8293 | P22: 0.7294 | R22: 0.3057 | S22: 0.3045 | U22: 0.8293 | V22: 0.7294 | X22: 0.3057 | Y22: 0.3045 | AA22: 0.8293 | AB22: 0.7294
A23: Acurácia | F23: 0.7795858 | G23: 0.65843705 | I23: 0.94206646 | J23: 0.77177462 | L23: 0.91434051 | M23: 0.77405588 | O23: 0.95625142 | P23: 0.77904252 | R23: 0.92389468 | S23: 0.78820439 | U23: 0.95430358 | V23: 0.77855181 | X23: 0.91680249 | Y23: 0.76640739 | AA23: 0.95454087 | AB23: 0.77572258
A25: E2 conectado ao I1 e E1 conectado ao terra
B26: 5 | C26: -> | D26: 0 | E26: E0 | F26: 0.879 | G26: 0.6562 | H26: E1 | I26: 0.1083 | J26: 0.0949 | K26: E2 | L26: 0.9499 | M26: 0.7213 | N26: E3 | O26: 0.3684 | P26: 0.3206 | Q26: E4 | R26: 0.8845 | S26: 0.6592 | T26: E5 | U26: 0.3699 | V26: 0.3274 | W26: E6 | X26: 0.8736 | Y26: 0.6356 | Z26: E7 | AA26: 0.372 | AB26: 0.3263
B27: 25 | C27: -> | D27: 0 | E27: E0 | F27: 0.8731 | G27: 0.6404 | H27: E1 | I27: 0.1058 | J27: 0.0944 | K27: E2 | L27: 0.945 | M27: 0.6995 | N27: E3 | O27: 0.3733 | P27: 0.3192 | Q27: E4 | R27: 0.8728 | S27: 0.6538 | T27: E5 | U27: 0.3686 | V27: 0.3257 | W27: E6 | X27: 0.875 | Y27: 0.6702 | Z27: E7 | AA27: 0.3627 | AB27: 0.342
B28: 45 | C28: -> | D28: 0 | E28: E0 | F28: 0.8767 | G28: 0.6467 | H28: E1 | I28: 0.1074 | J28: 0.0949 | K28: E2 | L28: 0.9518 | M28: 0.7227 | N28: E3 | O28: 0.3706 | P28: 0.3211 | Q28: E4 | R28: 0.8792 | S28: 0.6575 | T28: E5 | U28: 0.3681 | V28: 0.319 | W28: E6 | X28: 0.8755 | Y28: 0.6535 | Z28: E7 | AA28: 0.3684 | AB28: 0.3297
B29: 65 | C29: -> | D29: 0 | E29: E0 | F29: 0.8772 | G29: 0.6589 | H29: E1 | I29: 0.1073 | J29: 0.0946 | K29: E2 | L29: 0.9529 | M29: 0.72 | N29: E3 | O29: 0.3697 | P29: 0.3203 | Q29: E4 | R29: 0.8809 | S29: 0.6576 | T29: E5 | U29: 0.3668 | V29: 0.3206 | W29: E6 | X29: 0.8776 | Y29: 0.6578 | Z29: E7 | AA29: 0.3699 | AB29: 0.335
B30: 85 | C30: -> | D30: 0 | E30: E0 | F30: 0.8793 | G30: 0.6552 | H30: E1 | I30: 0.1082 | J30: 0.0946 | K30: E2 | L30: 0.9527 | M30: 0.7244 | N30: E3 | O30: 0.3695 | P30: 0.3248 | Q30: E4 | R30: 0.8818 | S30: 0.6558 | T30: E5 | U30: 0.3691 | V30: 0.3201 | W30: E6 | X30: 0.8755 | Y30: 0.653 | Z30: E7 | AA30: 0.367 | AB30: 0.3302
A31: Média | F31: 0.87706 | G31: 0.65148 | I31: 0.1074 | J31: 0.09468 | L31: 0.95046 | M31: 0.71758 | O31: 0.3703 | P31: 0.3212 | R31: 0.87984 | S31: 0.65678 | U31: 0.3685 | V31: 0.32256 | X31: 0.87544 | Y31: 0.65402 | AA31: 0.368 | AB31: 0.33264
A32: STD | F32: 0.0022186482 | G32: 0.0068816858 | I32: 0.00089666047 | J32: 0.00019390719 | L32: 0.0029288906 | M32: 0.0091575979 | O32: 0.0016552945 | P32: 0.001904731 | R32: 0.0039154055 | S32: 0.0018378248 | U32: 0.0010373042 | V32: 0.0033422148 | X32: 0.0012846789 | Y32: 0.011105746 | AA32: 0.0031260198 | AB32: 0.0054400735
A33: SNR (dB) | F33: 51.938817 | G33: 39.524125 | I33: 41.567525 | J33: 53.773287 | L33: 50.224614 | M33: 37.881775 | O33: 46.993569 | P33: 44.538838 | R33: 47.032539 | S33: 51.062316 | U33: 51.010627 | V33: 39.691523 | X33: 56.668636 | Y33: 35.400866 | AA33: 41.417122 | AB33: 35.727394
A34: Valor simulado | F34: 0.9229 | G34: 0.8184 | I34: 0.132 | J34: 0.1315 | L34: 0.9984 | M34: 0.8908 | O34: 0.3992 | P34: 0.3976 | R34: 0.9229 | S34: 0.8184 | U34: 0.3992 | V34: 0.3976 | X34: 0.9229 | Y34: 0.8184 | AA34: 0.3992 | AB34: 0.3976
A35: Acurácia | F35: 0.94773448 | G35: 0.74378339 | I35: 0.77094972 | J35: 0.61111111 | L35: 0.94956127 | M35: 0.75860531 | O35: 0.92195517 | P35: 0.76214197 | R35: 0.95105928 | S35: 0.75392064 | U35: 0.91668928 | V35: 0.76736111 | X35: 0.94578726 | Y35: 0.74866212 | AA35: 0.91521739 | AB35: 0.8047138
A37: E3 conectado ao I1 e E2 conectado ao terra
B38: 7 | C38: -> | D38: 0 | E38: E0 | F38: 0.182 | G38: 0.1653 | H38: E1 | I38: 0.6994 | J38: 0.5305 | K38: E2 | L38: 0.1101 | M38: 0.0982 | N38: E3 | O38: 0.8185 | P38: 0.6357 | Q38: E4 | R38: 0.1858 | S38: 0.1727 | T38: E5 | U38: 0.6951 | V38: 0.527 | W38: E6 | X38: 0.1874 | Y38: 0.1629 | Z38: E7 | AA38: 0.6959 | AB38: 0.5208
B39: 27 | C39: -> | D39: 0 | E39: E0 | F39: 0.1877 | G39: 0.1776 | H39: E1 | I39: 0.697 | J39: 0.5303 | K39: E2 | L39: 0.1108 | M39: 0.1005 | N39: E3 | O39: 0.8224 | P39: 0.6234 | Q39: E4 | R39: 0.1873 | S39: 0.1704 | T39: E5 | U39: 0.6958 | V39: 0.5279 | W39: E6 | X39: 0.1859 | Y39: 0.1721 | Z39: E7 | AA39: 0.697 | AB39: 0.5267
B40: 47 | C40: -> | D40: 0 | E40: E0 | F40: 0.1906 | G40: 0.1783 | H40: E1 | I40: 0.6972 | J40: 0.5328 | K40: E2 | L40: 0.1096 | M40: 0.1005 | N40: E3 | O40: 0.8207 | P40: 0.6422 | Q40: E4 | R40: 0.1871 | S40: 0.1716 | T40: E5 | U40: 0.6955 | V40: 0.5307 | W40: E6 | X40: 0.1863 | Y40: 0.1702 | Z40: E7 | AA40: 0.6969 | AB40: 0.5235
B41: 67 | C41: -> | D41: 0 | E41: E0 | F41: 0.1881 | G41: 0.1771 | H41: E1 | I41: 0.6987 | J41: 0.5296 | K41: E2 | L41: 0.109 | M41: 0.1001 | N41: E3 | O41: 0.8221 | P41: 0.6369 | Q41: E4 | R41: 0.1864 | S41: 0.1711 | T41: E5 | U41: 0.6968 | V41: 0.5297 | W41: E6 | X41: 0.1863 | Y41: 0.1713 | Z41: E7 | AA41: 0.6965 | AB41: 0.5258
B42: 87 | C42: -> | D42: 0 | E42: E0 | F42: 0.1887 | G42: 0.175 | H42: E1 | I42: 0.6949 | J42: 0.5296 | K42: E2 | L42: 0.1101 | M42: 0.1019 | N42: E3 | O42: 0.8207 | P42: 0.6364 | Q42: E4 | R42: 0.1872 | S42: 0.1729 | T42: E5 | U42: 0.6941 | V42: 0.5299 | W42: E6 | X42: 0.1859 | Y42: 0.1633 | Z42: E7 | AA42: 0.6982 | AB42: 0.5283
A43: Média | F43: 0.18742 | G43: 0.17466 | I43: 0.69744 | J43: 0.53056 | L43: 0.10992 | M43: 0.10024 | O43: 0.82088 | P43: 0.63492 | R43: 0.18676 | S43: 0.17174 | U43: 0.69546 | V43: 0.52904 | X43: 0.18636 | Y43: 0.16796 | AA43: 0.6969 | AB43: 0.52502
A44: STD | F44: 0.0028867975 | G44: 0.0048077438 | I44: 0.0015576906 | J44: 0.0011774549 | L44: 0.00059799666 | M44: 0.0011892855 | O44: 0.0013804347 | P44: 0.0062036763 | R44: 0.00057480431 | S44: 0.00094783965 | U44: 0.0008822698 | V44: 0.0013705473 | X44: 0.00054990908 | Y44: 0.0040157689 | AA44: 0.00075630682 | AB44: 0.0026194656
A45: SNR (dB) | F45: 36.247992 | G45: 31.205043 | I45: 53.020513 | J45: 53.075805 | L45: 45.287559 | M45: 38.515099 | O45: 55.485276 | P45: 40.201398 | R45: 50.235277 | S45: 45.162732 | U45: 57.933415 | V45: 51.731889 | X45: 50.601236 | Y45: 32.428743 | AA45: 59.289449 | AB45: 46.039263
A46: Valor simulado | F46: 0.2076 | G46: 0.2067 | I46: 0.7315 | J46: 0.6374 | L46: 0.132 | M46: 0.1315 | O46: 0.846 | P46: 0.745 | R46: 0.2076 | S46: 0.2067 | U46: 0.7315 | V46: 0.6374 | X46: 0.2076 | Y46: 0.2067 | AA46: 0.7315 | AB46: 0.6374
A47: Acurácia | F47: 0.89232739 | G47: 0.81655788 | I47: 0.95116426 | J47: 0.79862786 | L47: 0.79912664 | M47: 0.68814844 | O47: 0.96939869 | P47: 0.82662383 | R47: 0.88841294 | S47: 0.79643647 | U47: 0.94817818 | V47: 0.79517617 | X47: 0.88602704 | Y47: 0.76934985 | AA47: 0.95035156 | AB47: 0.78595101
A49: E4 conectado ao I1 e E3 conectado ao terra
B50: 9 | C50: -> | D50: 0 | E50: E0 | F50: 0.753 | G50: 0.5763 | H50: E1 | I50: 0.2337 | J50: 0.2024 | K50: E2 | L50: 0.7412 | M50: 0.5508 | N50: E3 | O50: 0.1047 | P50: 0.091 | Q50: E4 | R50: 0.8823 | S50: 0.6719 | T50: E5 | U50: 0.2332 | V50: 0.2061 | W50: E6 | X50: 0.7421 | Y50: 0.5516 | Z50: E7 | AA50: 0.2316 | AB50: 0.2185
B51: 29 | C51: -> | D51: 0 | E51: E0 | F51: 0.7424 | G51: 0.5501 | H51: E1 | I51: 0.2349 | J51: 0.2073 | K51: E2 | L51: 0.7437 | M51: 0.5531 | N51: E3 | O51: 0.1088 | P51: 0.0968 | Q51: E4 | R51: 0.886 | S51: 0.6705 | T51: E5 | U51: 0.2351 | V51: 0.2043 | W51: E6 | X51: 0.7416 | Y51: 0.553 | Z51: E7 | AA51: 0.2339 | AB51: 0.2152
B52: 49 | C52: -> | D52: 0 | E52: E0 | F52: 0.7451 | G52: 0.5522 | H52: E1 | I52: 0.2322 | J52: 0.2075 | K52: E2 | L52: 0.74 | M52: 0.5477 | N52: E3 | O52: 0.109 | P52: 0.0962 | Q52: E4 | R52: 0.8865 | S52: 0.6704 | T52: E5 | U52: 0.2324 | V52: 0.2073 | W52: E6 | X52: 0.7433 | Y52: 0.5515 | Z52: E7 | AA52: 0.2326 | AB52: 0.2166
B53: 69 | C53: -> | D53: 0 | E53: E0 | F53: 0.7404 | G53: 0.541 | H53: E1 | I53: 0.2346 | J53: 0.207 | K53: E2 | L53: 0.7389 | M53: 0.552 | N53: E3 | O53: 0.1086 | P53: 0.0966 | Q53: E4 | R53: 0.8866 | S53: 0.671 | T53: E5 | U53: 0.2301 | V53: 0.2053 | W53: E6 | X53: 0.7412 | Y53: 0.5477 | Z53: E7 | AA53: 0.2304 | AB53: 0.2171
B54: 89 | C54: -> | D54: 0 | E54: E0 | F54: 0.7317 | G54: 0.5377 | H54: E1 | I54: 0.2347 | J54: 0.2034 | K54: E2 | L54: 0.7359 | M54: 0.5482 | N54: E3 | O54: 0.109 | P54: 0.0956 | Q54: E4 | R54: 0.8742 | S54: 0.6805 | T54: E5 | U54: 0.2311 | V54: 0.205 | W54: E6 | X54: 0.7318 | Y54: 0.5609 | Z54: E7 | AA54: 0.2291 | AB54: 0.2238
A55: Média | F55: 0.74252 | G55: 0.55146 | I55: 0.23402 | J55: 0.20552 | L55: 0.73994 | M55: 0.55036 | O55: 0.10802 | P55: 0.09524 | R55: 0.88312 | S55: 0.67286 | U55: 0.23238 | V55: 0.2056 | X55: 0.74 | Y55: 0.55294 | AA55: 0.23152 | AB55: 0.21824
A56: STD | F56: 0.0069002609 | G56: 0.013551177 | I56: 0.00099879928 | J56: 0.0021683173 | L56: 0.0025741795 | M56: 0.0021039011 | O56: 0.0016666133 | P56: 0.0021592591 | R56: 0.0047343004 | S56: 0.0038567344 | U56: 0.001726731 | V56: 0.0010276186 | X56: 0.0041602885 | Y56: 0.0043518272 | AA56: 0.0016702096 | AB56: 0.0029736173
A57: SNR (dB) | F57: 40.636853 | G57: 32.19074 | I57: 47.395495 | J57: 39.534625 | L57: 49.171154 | M57: 48.352431 | O57: 36.233386 | P57: 32.890292 | R57: 45.415278 | S57: 44.8341 | U57: 42.579481 | V57: 46.023823 | X57: 45.002166 | Y57: 42.080127 | AA57: 42.836351 | AB57: 37.312985
A58: Valor simulado | F58: 0.7705 | G58: 0.6738 | I58: 0.2466 | J58: 0.2456 | L58: 0.7705 | M58: 0.6738 | O58: 0.132 | P58: 0.1315 | R58: 0.9082 | S58: 0.8443 | U58: 0.2467 | V58: 0.2456 | X58: 0.7705 | Y58: 0.6738 | AA58: 0.2467 | AB58: 0.2456
A59: Acurácia | F59: 0.96231751 | G59: 0.77815254 | I59: 0.94624391 | J59: 0.80498248 | L59: 0.95869935 | M59: 0.77571044 | O59: 0.77800407 | P59: 0.61927761 | R59: 0.97160069 | S59: 0.74520703 | U59: 0.9383768 | V59: 0.80544747 | X59: 0.95878378 | Y59: 0.78142294 | AA59: 0.93443331 | AB59: 0.87463343
A61: E5 conectado ao I1 e E4 conectado ao terra
B62: 11 | C62: -> | D62: 0 | E62: E0 | F62: 0.2442 | G62: 0.2204 | H62: E1 | I62: 0.7491 | J62: 0.5768 | K62: E2 | L62: 0.2436 | M62: 0.2139 | N62: E3 | O62: 0.7589 | P62: 0.5701 | Q62: E4 | R62: 0.1076 | S62: 0.0943 | T62: E5 | U62: 0.9839 | V62: 0.7657 | W62: E6 | X62: 0.2451 | Y62: 0.2202 | Z62: E7 | AA62: 0.7565 | AB62: 0.5669
B63: 31 | C63: -> | D63: 0 | E63: E0 | F63: 0.2508 | G63: 0.2283 | H63: E1 | I63: 0.7556 | J63: 0.5748 | K63: E2 | L63: 0.2437 | M63: 0.2211 | N63: E3 | O63: 0.7564 | P63: 0.5771 | Q63: E4 | R63: 0.1046 | S63: 0.0907 | T63: E5 | U63: 0.9864 | V63: 0.7732 | W63: E6 | X63: 0.2441 | Y63: 0.2194 | Z63: E7 | AA63: 0.7552 | AB63: 0.5668
B64: 51 | C64: -> | D64: 0 | E64: E0 | F64: 0.245 | G64: 0.2238 | H64: E1 | I64: 0.7571 | J64: 0.5765 | K64: E2 | L64: 0.2453 | M64: 0.2201 | N64: E3 | O64: 0.7512 | P64: 0.5769 | Q64: E4 | R64: 0.1074 | S64: 0.0956 | T64: E5 | U64: 0.9963 | V64: 0.7786 | W64: E6 | X64: 0.2447 | Y64: 0.2251 | Z64: E7 | AA64: 0.7618 | AB64: 0.575
B65: 71 | C65: -> | D65: 0 | E65: E0 | F65: 0.2411 | G65: 0.225 | H65: E1 | I65: 0.7556 | J65: 0.5858 | K65: E2 | L65: 0.2443 | M65: 0.2241 | N65: E3 | O65: 0.7571 | P65: 0.5746 | Q65: E4 | R65: 0.1044 | S65: 0.0951 | T65: E5 | U65: 0.9858 | V65: 0.7694 | W65: E6 | X65: 0.2434 | Y65: 0.2214 | Z65: E7 | AA65: 0.7541 | AB65: 0.5724
B66: 91 | C66: -> | D66: 0 | E66: E0 | F66: 0.2457 | G66: 0.2215 | H66: E1 | I66: 0.7707 | J66: 0.5866 | K66: E2 | L66: 0.2459 | M66: 0.2222 | N66: E3 | O66: 0.7553 | P66: 0.5746 | Q66: E4 | R66: 0.1037 | S66: 0.0962 | T66: E5 | U66: 0.9896 | V66: 0.7739 | W66: E6 | X66: 0.2493 | Y66: 0.2227 | Z66: E7 | AA66: 0.754 | AB66: 0.5681
A67: Média | F67: 0.24536 | G67: 0.2238 | I67: 0.75762 | J67: 0.5801 | L67: 0.24456 | M67: 0.22028 | O67: 0.75578 | P67: 0.57466 | R67: 0.10554 | S67: 0.09438 | U67: 0.9884 | V67: 0.77216 | X67: 0.24532 | Y67: 0.22176 | AA67: 0.75632 | AB67: 0.56984
A68: STD | F68: 0.0031410826 | G68: 0.0027763285 | I68: 0.0071008169 | J68: 0.0050334879 | L68: 0.00090244113 | M68: 0.0034550832 | O68: 0.002571692 | P68: 0.0025207935 | R68: 0.0016292329 | S68: 0.0019425756 | U68: 0.0043556859 | V68: 0.0043573386 | X68: 0.002071135 | Y68: 0.0020085816 | AA68: 0.0028854116 | AB68: 0.0032891336
A69: SNR (dB) | F69: 37.854488 | G69: 38.127785 | I69: 40.562862 | J69: 41.232677 | L69: 48.659331 | M69: 36.090331 | O69: 49.363529 | P69: 47.157474 | R69: 36.228678 | S69: 33.730041 | U69: 47.117524 | V69: 44.96972 | X69: 41.470491 | Y69: 40.859875 | AA69: 48.369956 | AB69: 44.773428
A70: Valor simulado | F70: 0.2698 | G70: 0.2688 | I70: 0.7935 | J70: 0.6955 | L70: 0.2698 | M70: 0.2688 | O70: 0.7935 | P70: 0.6955 | R70: 0.132 | S70: 0.1315 | U70: 1.0395 | V70: 0.9305 | X70: 0.2698 | Y70: 0.2688 | AA70: 0.7935 | AB70: 0.6955
A71: Acurácia | F71: 0.90039126 | G71: 0.79892761 | I71: 0.95264117 | J71: 0.80106878 | L71: 0.89679424 | M71: 0.77973488 | O71: 0.9500913 | P71: 0.78971914 | R71: 0.74928937 | S71: 0.60669633 | U71: 0.94830028 | V71: 0.79493887 | X71: 0.90021197 | Y71: 0.78787879 | AA71: 0.95084091 | AB71: 0.77948196
A73: E6 conectado ao I1 e E5 conectado ao terra
B74: 13 | C74: -> | D74: 0 | E74: E0 | F74: 0.8567 | G74: 0.6436 | H74: E1 | I74: 0.345 | J74: 0.3043 | K74: E2 | L74: 0.8549 | M74: 0.6414 | N74: E3 | O74: 0.3462 | P74: 0.3036 | Q74: E4 | R74: 0.8564 | S74: 0.6433 | T74: E5 | U74: 0.1042 | V74: 0.0901 | W74: E6 | X74: 0.9156 | Y74: 0.6937 | Z74: E7 | AA74: 0.3458 | AB74: 0.3122
B75: 33 | C75: -> | D75: 0 | E75: E0 | F75: 0.8557 | G75: 0.6358 | H75: E1 | I75: 0.3449 | J75: 0.3013 | K75: E2 | L75: 0.8512 | M75: 0.6394 | N75: E3 | O75: 0.3489 | P75: 0.3118 | Q75: E4 | R75: 0.856 | S75: 0.6437 | T75: E5 | U75: 0.1039 | V75: 0.0919 | W75: E6 | X75: 0.9141 | Y75: 0.6922 | Z75: E7 | AA75: 0.3463 | AB75: 0.3116
B76: 53 | C76: -> | D76: 0 | E76: E0 | F76: 0.853 | G76: 0.6432 | H76: E1 | I76: 0.3421 | J76: 0.3022 | K76: E2 | L76: 0.8519 | M76: 0.6479 | N76: E3 | O76: 0.3437 | P76: 0.298 | Q76: E4 | R76: 0.858 | S76: 0.6487 | T76: E5 | U76: 0.1051 | V76: 0.0915 | W76: E6 | X76: 0.9178 | Y76: 0.6889 | Z76: E7 | AA76: 0.3466 | AB76: 0.3155
B77: 73 | C77: -> | D77: 0 | E77: E0 | F77: 0.8588 | G77: 0.6448 | H77: E1 | I77: 0.3479 | J77: 0.308 | K77: E2 | L77: 0.8481 | M77: 0.6536 | N77: E3 | O77: 0.3462 | P77: 0.2879 | Q77: E4 | R77: 0.8544 | S77: 0.6493 | T77: E5 | U77: 0.1057 | V77: 0.0939 | W77: E6 | X77: 0.9132 | Y77: 0.6884 | Z77: E7 | AA77: 0.345 | AB77: 0.313
B78: 93 | C78: -> | D78: 0 | E78: E0 | F78: 0.8598 | G78: 0.63 | H78: E1 | I78: 0.3445 | J78: 0.299 | K78: E2 | L78: 0.8507 | M78: 0.6372 | N78: E3 | O78: 0.3486 | P78: 0.3061 | Q78: E4 | R78: 0.8556 | S78: 0.6415 | T78: E5 | U78: 0.1046 | V78: 0.0917 | W78: E6 | X78: 0.9172 | Y78: 0.6925 | Z78: E7 | AA78: 0.3516 | AB78: 0.3173
A79: Média | F79: 0.8568 | G79: 0.63948 | I79: 0.34488 | J79: 0.30296 | L79: 0.85136 | M79: 0.6439 | O79: 0.34672 | P79: 0.30148 | R79: 0.85608 | S79: 0.6453 | U79: 0.1047 | V79: 0.09182 | X79: 0.91558 | Y79: 0.69114 | AA79: 0.34706 | AB79: 0.31392
A80: STD | F80: 0.0023941596 | G80: 0.0057013683 | I80: 0.0018443427 | J80: 0.0030401316 | L80: 0.0021868699 | M80: 0.0060246162 | O80: 0.001894624 | P80: 0.0081100925 | R80: 0.0011702991 | S80: 0.0031164082 | U80: 0.00064187226 | V80: 0.0012172099 | X80: 0.0017554487 | Y80: 0.0021000952 | AA80: 0.0023337523 | AB80: 0.0021497907
A81: SNR (dB) | F81: 51.074527 | G81: 40.996957 | I81: 45.436528 | J81: 39.969858 | L81: 51.805806 | M81: 40.577781 | O81: 45.249117 | P81: 31.404654 | R81: 57.28435 | S81: 46.322147 | U81: 44.249961 | V81: 37.551436 | X81: 54.346163 | Y81: 50.346541 | AA81: 43.446996 | AB81: 43.288456
A82: Valor simulado | F82: 0.9018 | G82: 0.7982 | I82: 0.3781 | J82: 0.3766 | L82: 0.9018 | M82: 0.7982 | O82: 0.3781 | P82: 0.3766 | R82: 0.9018 | S82: 0.7982 | U82: 0.132 | V82: 0.1315 | X82: 0.953 | Y82: 0.8472 | AA82: 0.3781 | AB82: 0.3766
A83: Acurácia | F83: 0.94747899 | G83: 0.75179834 | I83: 0.90367664 | J83: 0.75693161 | L83: 0.94075362 | M83: 0.76036652 | O83: 0.90949469 | P83: 0.75082924 | R83: 0.94659378 | S83: 0.76305594 | U83: 0.73925501 | V83: 0.56785014 | X83: 0.95912973 | Y83: 0.77419915 | AA83: 0.91056302 | AB83: 0.80033129
A85: E7 conectado ao I1 e E6 conectado ao terra
B86: 15 | C86: -> | D86: 0 | E86: E0 | F86: 0.1713 | G86: 0.1623 | H86: E1 | I86: 0.682 | J86: 0.5044 | K86: E2 | L86: 0.1679 | M86: 0.1498 | N86: E3 | O86: 0.6823 | P86: 0.5064 | Q86: E4 | R86: 0.1697 | S86: 0.1526 | T86: E5 | U86: 0.6797 | V86: 0.5016 | W86: E6 | X86: 0.1055 | Y86: 0.0932 | Z86: E7 | AA86: 1.018 | AB86: 0.7902
B87: 35 | C87: -> | D87: 0 | E87: E0 | F87: 0.1687 | G87: 0.1622 | H87: E1 | I87: 0.6818 | J87: 0.4981 | K87: E2 | L87: 0.1713 | M87: 0.1526 | N87: E3 | O87: 0.68 | P87: 0.502 | Q87: E4 | R87: 0.1702 | S87: 0.1536 | T87: E5 | U87: 0.6794 | V87: 0.5057 | W87: E6 | X87: 0.1058 | Y87: 0.0942 | Z87: E7 | AA87: 1.019 | AB87: 0.7856
B88: 55 | C88: -> | D88: 0 | E88: E0 | F88: 0.1669 | G88: 0.1554 | H88: E1 | I88: 0.6784 | J88: 0.5038 | K88: E2 | L88: 0.1682 | M88: 0.1532 | N88: E3 | O88: 0.6823 | P88: 0.506 | Q88: E4 | R88: 0.1694 | S88: 0.1501 | T88: E5 | U88: 0.6792 | V88: 0.5041 | W88: E6 | X88: 0.1043 | Y88: 0.0939 | Z88: E7 | AA88: 1.0197 | AB88: 0.7949
B89: 75 | C89: -> | D89: 0 | E89: E0 | F89: 0.1653 | G89: 0.1626 | H89: E1 | I89: 0.6802 | J89: 0.5038 | K89: E2 | L89: 0.1681 | M89: 0.1528 | N89: E3 | O89: 0.6811 | P89: 0.5065 | Q89: E4 | R89: 0.1691 | S89: 0.1415 | T89: E5 | U89: 0.681 | V89: 0.5052 | W89: E6 | X89: 0.1053 | Y89: 0.0956 | Z89: E7 | AA89: 1.0154 | AB89: 0.7831
B90: 95 | C90: -> | D90: 0 | E90: E0 | F90: 0.1714 | G90: 0.162 | H90: E1 | I90: 0.6823 | J90: 0.5117 | K90: E2 | L90: 0.1673 | M90: 0.1549 | N90: E3 | O90: 0.6797 | P90: 0.5071 | Q90: E4 | R90: 0.17 | S90: 0.1529 | T90: E5 | U90: 0.6779 | V90: 0.5068 | W90: E6 | X90: 0.1032 | Y90: 0.0959 | Z90: E7 | AA90: 1.015 | AB90: 0.7831
A91: Média | F91: 0.16872 | G91: 0.1609 | I91: 0.68094 | J91: 0.50436 | L91: 0.16856 | M91: 0.15266 | O91: 0.68108 | P91: 0.5056 | R91: 0.16968 | S91: 0.15014 | U91: 0.67944 | V91: 0.50468 | X91: 0.10482 | Y91: 0.09456 | AA91: 1.01742 | AB91: 0.78738
A92: STD | F92: 0.0024019992 | G92: 0.0027568098 | I92: 0.001463694 | J92: 0.0043287874 | L92: 0.0014051334 | M92: 0.0016438978 | O92: 0.0010998182 | P92: 0.001834121 | R92: 0.00039698866 | S92: 0.0044786605 | U92: 0.00099317672 | V92: 0.0017679367 | X92: 0.00095372952 | Y92: 0.0010287857 | AA92: 0.0018956793 | AB92: 0.0045674501
A93: SNR (dB) | F93: 36.931874 | G93: 35.322985 | I93: 53.353171 | J93: 41.327488 | L93: 41.580739 | M93: 39.357009 | O93: 55.837545 | P93: 48.807581 | R93: 52.617051 | S93: 30.506965 | U93: 56.702492 | V93: 49.110988 | X93: 40.820379 | Y93: 39.267651 | AA93: 54.594708 | AB93: 44.730211
A94: Valor simulado | F94: 0.1832 | G94: 0.1825 | I94: 0.707 | J94: 0.6147 | L94: 0.1832 | M94: 0.1825 | O94: 0.707 | P94: 0.6147 | R94: 0.1832 | S94: 0.1825 | U94: 0.707 | V94: 0.6147 | X94: 0.132 | Y94: 0.1315 | AA94: 1.0658 | AB94: 0.956
A95: Acurácia | F95: 0.91417734 | G95: 0.86575513 | I95: 0.96172937 | J95: 0.78122769 | L95: 0.91314665 | M95: 0.80453295 | O95: 0.9619428 | P95: 0.78421677 | R95: 0.9203206 | S95: 0.78446783 | U95: 0.95943718 | V95: 0.78200048 | X95: 0.74069834 | Y95: 0.60934856 | AA95: 0.95244835 | AB95: 0.78584673
A97: E0 conectado ao I1 e E7 conectado ao terra
B98: 17 | C98: -> | D98: 0 | E98: E0 | F98: 1.0814 | G98: 0.7956 | H98: E1 | I98: 0.4504 | J98: 0.3746 | K98: E2 | L98: 0.9419 | M98: 0.6982 | N98: E3 | O98: 0.4518 | P98: 0.393 | Q98: E4 | R98: 0.9466 | S98: 0.7178 | T98: E5 | U98: 0.4487 | V98: 0.3874 | W98: E6 | X98: 0.9511 | Y98: 0.7056 | Z98: E7 | AA98: 0.105 | AB98: 0.092
B99: 37 | C99: -> | D99: 0 | E99: E0 | F99: 1.1013 | G99: 0.7983 | H99: E1 | I99: 0.4561 | J99: 0.3697 | K99: E2 | L99: 0.9565 | M99: 0.6906 | N99: E3 | O99: 0.454 | P99: 0.3747 | Q99: E4 | R99: 0.9654 | S99: 0.6905 | T99: E5 | U99: 0.4523 | V99: 0.3682 | W99: E6 | X99: 0.9579 | Y99: 0.6845 | Z99: E7 | AA99: 0.1048 | AB99: 0.084
B100: 57 | C100: -> | D100: 0 | E100: E0 | F100: 1.1032 | G100: 0.7946 | H100: E1 | I100: 0.453 | J100: 0.37 | K100: E2 | L100: 0.9595 | M100: 0.6899 | N100: E3 | O100: 0.4513 | P100: 0.3662 | Q100: E4 | R100: 0.9608 | S100: 0.6809 | T100: E5 | U100: 0.4547 | V100: 0.3741 | W100: E6 | X100: 0.9551 | Y100: 0.6722 | Z100: E7 | AA100: 0.1032 | AB100: 0.0861
B101: 77 | C101: -> | D101: 0 | E101: E0 | F101: 1.1035 | G101: 0.7996 | H101: E1 | I101: 0.451 | J101: 0.3741 | K101: E2 | L101: 0.9625 | M101: 0.6978 | N101: E3 | O101: 0.4553 | P101: 0.3719 | Q101: E4 | R101: 0.9593 | S101: 0.6899 | T101: E5 | U101: 0.4572 | V101: 0.3737 | W101: E6 | X101: 0.9605 | Y101: 0.7038 | Z101: E7 | AA101: 0.1054 | AB101: 0.0894
B102: 97 | C102: -> | D102: 0 | E102: E0 | F102: 1.1071 | G102: 0.7975 | H102: E1 | I102: 0.4567 | J102: 0.3775 | K102: E2 | L102: 0.9619 | M102: 0.6994 | N102: E3 | O102: 0.4543 | P102: 0.3738 | Q102: E4 | R102: 0.9653 | S102: 0.7006 | T102: E5 | U102: 0.4546 | V102: 0.3735 | W102: E6 | X102: 0.9595 | Y102: 0.6982 | Z102: E7 | AA102: 0.1052 | AB102: 0.0907
A103: Média | F103: 1.0993 | G103: 0.79712 | I103: 0.45344 | J103: 0.37318 | L103: 0.95646 | M103: 0.69518 | O103: 0.45334 | P103: 0.37592 | R103: 0.95948 | S103: 0.69594 | U103: 0.4535 | V103: 0.37538 | X103: 0.95682 | Y103: 0.69286 | AA103: 0.10472 | AB103: 0.08844
A104: STD | F104: 0.0091443972 | G104: 0.0018082035 | I104: 0.0025726251 | J104: 0.0029579723 | L104: 0.0075803958 | M104: 0.0040656611 | O104: 0.0015317963 | P104: 0.0090371234 | R104: 0.006878779 | S104: 0.01258453 | U104: 0.0028572714 | V104: 0.0063879261 | X104: 0.0033931696 | Y104: 0.012706156 | AA104: 0.00078587531 | AB104: 0.0029628365
A105: SNR (dB) | F105: 41.599223 | G105: 52.885528 | I105: 44.922866 | J105: 42.018485 | L105: 42.019499 | M105: 44.659322 | O105: 49.42446 | P105: 32.381304 | R105: 42.890491 | S105: 34.854696 | U105: 44.012516 | V105: 35.382225 | X105: 49.004494 | Y105: 34.732626 | AA105: 42.49352 | AB105: 29.498821
A106: Valor simulado | F106: 1.1881 | G106: 1.0748 | I106: 0.491 | J106: 0.4891 | L106: 1.0144 | M106: 0.9064 | O106: 0.491 | P106: 0.4891 | R106: 1.0144 | S106: 0.9064 | U106: 0.491 | V106: 0.4891 | X106: 1.0144 | Y106: 0.9064 | AA106: 0.132 | AB106: 0.1315
A107: Acurácia | F107: 0.91922132 | G107: 0.65164593 | I107: 0.91716655 | J107: 0.68937242 | L107: 0.93942245 | M107: 0.69616502 | O107: 0.91692769 | P107: 0.6989253 | R107: 0.94276066 | S107: 0.69758887 | U107: 0.91730981 | V107: 0.69705365 | X107: 0.93982149 | Y107: 0.69179921 | AA107: 0.7394958 | AB107: 0.51311624
E111: E1-I | F111: E2-I | G111: E3-I | H111: E4-I | I111: E5-I | J111: E6-I | K111: E7-I | L111: E0-I
...

Sheet DP2
AF2: Eletrodos de medição
A3: 1 | B3: -> | D3: E91 | E3: 1.5264 | F3: 1.0866 | G3: E92 | H3: 0 | I3: 0 | AF3: Eletrodos pares | AH3: Eletrodos ímpares
A4: =A3+1 -> 2 | B4: -> | C4: E1 | D4: I1 | E4: e | F4: E0 | G4: Terra | AF4: FREQ1 | AG4: FREQ2 | AH4: FREQ1 | AI4: FREQ2
A5: =A4+1 -> 3 | B5: -> | J5: E2 | K5: 0.2812 | L5: 0.247 | M5: E3 | N5: 0.7971 | O5: 0.5988 | P5: E4 | Q5: 0.2839 | R5: 0.2535 | S5: E5 | T5: 0.7933 | U5: 0.5959 | V5: E6 | W5: 0.2837 | X5: 0.2438 | Y5: E7 | Z5: 0.7922 | AA5: 0.5954 | AD5: Eletrodos de injeção | AE5: E1 | AF5: =_xlfn.STDEV.P(E5,K5,Q5,W5) -> 0.0012283684 | AG5: =_xlfn.STDEV.P(F5,L5,R5,X5) -> 0.0040356743 | AH5: =_xlfn.STDEV.P(H5,N5,T5,Z5) -> 0.0020992062 | AI5: =_xlfn.STDEV.P(I5,O5,U5,AA5) -> 0.0014988885
A6: =A5+1 -> 4 | B6: -> | C6: E2 | D6: I1 | E6: e | F6: E1 | G6: Terra
A7: =A6+1 -> 5 | B7: -> | D7: E0 | E7: 0.879 | F7: 0.6562 | M7: E3 | N7: 0.3684 | O7: 0.3206 | P7: E4 | Q7: 0.8845 | R7: 0.6592 | S7: E5 | T7: 0.3699 | U7: 0.3274 | V7: E6 | W7: 0.8736 | X7: 0.6356 | Y7: E7 | Z7: 0.372 | AA7: 0.3263 | AE7: E2 | AF7: =_xlfn.STDEV.P(E7,K7,Q7,W7) -> 0.0044499688 | AG7: =_xlfn.STDEV.P(F7,L7,R7,X7) -> 0.010489783 | AH7: =_xlfn.STDEV.P(H7,N7,T7,Z7) -> 0.0014764823 | AI7: =_xlfn.STDEV.P(I7,O7,U7,AA7) -> 0.0029803057
A8: =A7+1 -> 6 | B8: -> | C8: E3 | D8: I1 | E8: e | F8: E2 | G8: Terra
A9: =A8+1 -> 7 | B9: -> | D9: E0 | E9: 0.182 | F9: 0.1653 | G9: E1 | H9: 0.6994 | I9: 0.5305 | P9: E4 | Q9: 0.1858 | R9: 0.1727 | S9: E5 | T9: 0.6951 | U9: 0.527 | V9: E6 | W9: 0.1874 | X9: 0.1629 | Y9: E7 | Z9: 0.6959 | AA9: 0.5208 | AE9: E3 | AF9: =_xlfn.STDEV.P(E9,K9,Q9,W9) -> 0.002264705 | AG9: =_xlfn.STDEV.P(F9,L9,R9,X9) -> 0.004170798 | AH9: =_xlfn.STDEV.P(H9,N9,T9,Z9) -> 0.0018672618 | AI9: =_xlfn.STDEV.P(I9,O9,U9,AA9) -> 0.0040108187
A10: =A9+1 -> 8 | B10: -> | C10: E4 | D10: I1 | E10: e | F10: E3 | G10: Terra
A11: =A10+1 -> 9 | B11: -> | D11: E0 | E11: 0.753 | F11: 0.5763 | G11: E1 | H11: 0.2337 | I11: 0.2024 | J11: E2 | K11: 0.7412 | L11: 0.5508 | S11: E5 | T11: 0.2332 | U11: 0.2061 | V11: E6 | W11: 0.7421 | X11: 0.5516 | Y11: E7 | Z11: 0.2316 | AA11: 0.2185 | AE11: E4 | AF11: =_xlfn.STDEV.P(E11,K11,Q11,W11) -> 0.0053630423 | AG11: =_xlfn.STDEV.P(F11,L11,R11,X11) -> 0.01183676 | AH11: =_xlfn.STDEV.P(H11,N11,T11,Z11) -> 0.00089566859 | AI11: =_xlfn.STDEV.P(I11,O11,U11,AA11) -> 0.0068852499
A12: =A11+1 -> 10 | B12: -> | C12: E5 | D12: I1 | E12: e | F12: E4 | G12: Terra
A13: =A12+1 -> 11 | B13: -> | D13: E0 | E13: 0.2442 | F13: 0.2204 | G13: E1 | H13: 0.7491 | I13: 0.5768 | J13: E2 | K13: 0.2436 | L13: 0.2139 | M13: E3 | N13: 0.7589 | O13: 0.5701 | V13: E6 | W13: 0.2451 | X13: 0.2202 | Y13: E7 | Z13: 0.7565 | AA13: 0.5669 | AE13: E5 | AF13: =_xlfn.STDEV.P(E13,K13,Q13,W13) -> 0.0006164414 | AG13: =_xlfn.STDEV.P(F13,L13,R13,X13) -> 0.0030180936 | AH13: =_xlfn.STDEV.P(H13,N13,T13,Z13) -> 0.004170798 | AI13: =_xlfn.STDEV.P(I13,O13,U13,AA13) -> 0.0041249916
A14: =A13+1 -> 12 | B14: -> | C14: E6 | D14: I1 | E14: e | F14: E5 | G14: Terra
A15: =A14+1 -> 13 | B15: -> | D15: E0 | E15: 0.8567 | F15: 0.6436 | G15: E1 | H15: 0.345 | I15: 0.3043 | J15: E2 | K15: 0.8549 | L15: 0.6414 | M15: E3 | N15: 0.3462 | O15: 0.3036 | P15: E4 | Q15: 0.8564 | R15: 0.6433 | Y15: E7 | Z15: 0.3458 | AA15: 0.3122 | AE15: E6 | AF15: =_xlfn.STDEV.P(E15,K15,Q15,W15) -> 0.00078740079 | AG15: =_xlfn.STDEV.P(F15,L15,R15,X15) -> 0.00097410928 | AH15: =_xlfn.STDEV.P(H15,N15,T15,Z15) -> 0.00049888765 | AI15: =_xlfn.STDEV.P(I15,O15,U15,AA15) -> 0.0038995726
A16: =A15+1 -> 14 | B16: -> | C16: E7 | D16: I1 | E16: e | F16: E6 | G16: Terra
A17: =A16+1 -> 15 | B17: -> | D17: E0 | E17: 0.1713 | F17: 0.1623 | G17: E1 | H17: 0.682 | I17: 0.5044 | J17: E2 | K17: 0.1679 | L17: 0.1498 | M17: E3 | N17: 0.6823 | O17: 0.5064 | P17: E4 | Q17: 0.1697 | R17: 0.1526 | S17: E5 | T17: 0.6797 | U17: 0.5016 | AE17: E7 | AF17: =_xlfn.STDEV.P(E17,K17,Q17,W17) -> 0.0013888444 | AG17: =_xlfn.STDEV.P(F17,L17,R17,X17) -> 0.0053559935 | AH17: =_xlfn.STDEV.P(H17,N17,T17,Z17) -> 0.0011614168 | AI17: =_xlfn.STDEV.P(I17,O17,U17,AA17) -> 0.0019686431
A18: =A17+1 -> 16 | B18: -> | C18: E0 | D18: I1 | E18: e | F18: E7 | G18: Terra
A19: =A18+1 -> 17 | B19: -> | G19: E1 | H19: 0.4504 | I19: 0.3746 | J19: E2 | K19: 0.9419 | L19: 0.6982 | M19: E3 | N19: 0.4518 | O19: 0.393 | P19: E4 | Q19: 0.9466 | R19: 0.7178 | S19: E5 | T19: 0.4487 | U19: 0.3874 | V19: E6 | W19: 0.9511 | X19: 0.7056 | AE19: E8 | AF19: =_xlfn.STDEV.P(E19,K19,Q19,W19) -> 0.0037561801 | AG19: =_xlfn.STDEV.P(F19,L19,R19,X19) -> 0.008081254 | AH19: =_xlfn.STDEV.P(H19,N19,T19,Z19) -> 0.0012675436 | AI19: =_xlfn.STDEV.P(I19,O19,U19,AA19) -> 0.0077010822
AD30: 0.0019
AD31: 0.0036
AC33: =(AD31-AD30)/AD30 -> 0.89473684
