Workbook

Sheet Dado Bruto
A1: 1
A2: =A1+1 -> 2 | B2: -> | C2: E1 | D2: I1 | E2: e | F2: E0 | G2: Terra
A3: =A2+1 -> 3 | B3: -> | C3: E91 | D3: 1.5044 | E3: 1.0908 | F3: E92 | G3: 0 | H3: 0 | I3: E0 | J3: 0.1098 | K3: 0.0985 | L3: E1 | M3: 1.0209 | N3: 0.9028 | O3: E2 | P3: 0.2806 | Q3: 0.251 | R3: E3 | S3: 0.7968 | T3: 0.7066 | U3: E4 | V3: 0.2827 | W3: 0.2519 | X3: E5 | Y3: 0.7964 | Z3: 0.7018 | AA3: E6 | AB3: 0.2739 | AC3: 0.2426 | AD3: E7 | AE3: 0.797 | AF3: 0.6766
A4: =A3+1 -> 4 | B4: -> | C4: E2 | D4: I1 | E4: e | F4: E1 | G4: Terra
A5: =A4+1 -> 5 | B5: -> | C5: E91 | D5: 1.482 | E5: 1.1035 | F5: E92 | G5: 0 | H5: 0 | I5: E0 | J5: 0.8906 | K5: 0.806 | L5: E1 | M5: 0.1091 | N5: 0.1008 | O5: E2 | P5: 0.9461 | Q5: 0.8653 | R5: E3 | S5: 0.3736 | T5: 0.3443 | U5: E4 | V5: 0.887 | W5: 0.8132 | X5: E5 | Y5: 0.3735 | Z5: 0.3431 | AA5: E6 | AB5: 0.8831 | AC5: 0.8104 | AD5: E7 | AE5: 0.3735 | AF5: 0.348
A6: =A5+1 -> 6 | B6: -> | C6: E3 | D6: I1 | E6: e | F6: E2 | G6: Terra
A7: =A6+1 -> 7 | B7: -> | C7: E91 | D7: 1.4674 | E7: 1.0915 | F7: E92 | G7: 0 | H7: 0 | I7: E0 | J7: 0.1908 | K7: 0.1782 | L7: E1 | M7: 0.7047 | N7: 0.6418 | O7: E2 | P7: 0.1128 | Q7: 0.1044 | R7: E3 | S7: 0.8381 | T7: 0.7652 | U7: E4 | V7: 0.1902 | W7: 0.1757 | X7: E5 | Y7: 0.7036 | Z7: 0.6396 | AA7: E6 | AB7: 0.1892 | AC7: 0.1748 | AD7: E7 | AE7: 0.7044 | AF7: 0.6375
A8: =A7+1 -> 8 | B8: -> | C8: E4 | D8: I1 | E8: e | F8: E3 | G8: Terra
A9: =A8+1 -> 9 | B9: -> | C9: E91 | D9: 1.507 | E9: 1.0882 | F9: E92 | G9: 0 | H9: 0 | I9: E0 | J9: 0.7556 | K9: 0.7014 | L9: E1 | M9: 0.2419 | N9: 0.2245 | O9: E2 | P9: 0.7584 | Q9: 0.6993 | R9: E3 | S9: 0.1102 | T9: 0.1028 | U9: E4 | V9: 0.8943 | W9: 0.83 | X9: E5 | Y9: 0.2435 | Z9: 0.228 | AA9: E6 | AB9: 0.7582 | AC9: 0.6972 | AD9: E7 | AE9: 0.2441 | AF9: 0.2259
A10: =A9+1 -> 10 | B10: -> | C10: E5 | D10: I1 | E10: e | F10: E4 | G10: Terra
A11: =A10+1 -> 11 | B11: -> | C11: E91 | D11: 1.5108 | E11: 1.0771 | F11: E92 | G11: 0 | H11: 0 | I11: E0 | J11: 0.2468 | K11: 0.2277 | L11: E1 | M11: 0.7605 | N11: 0.6842 | O11: E2 | P11: 0.2452 | Q11: 0.2237 | R11: E3 | S11: 0.7617 | T11: 0.6863 | U11: E4 | V11: 0.1059 | W11: 0.0963 | X11: E5 | Y11: 0.9782 | Z11: 0.8845 | AA11: E6 | AB11: 0.2461 | AC11: 0.2244 | AD11: E7 | AE11: 0.761 | AF11: 0.6819
A12: =A11+1 -> 12 | B12: -> | C12: E6 | D12: I1 | E12: e | F12: E5 | G12: Terra
A13: =A12+1 -> 13 | B13: -> | C13: E91 | D13: 1.5157 | E13: 1.0797 | F13: E92 | G13: 0 | H13: 0 | I13: E0 | J13: 0.8622 | K13: 0.7944 | L13: E1 | M13: 0.3508 | N13: 0.3253 | O13: E2 | P13: 0.8609 | Q13: 0.7917 | R13: E3 | S13: 0.3468 | T13: 0.3211 | U13: E4 | V13: 0.8623 | W13: 0.7953 | X13: E5 | Y13: 0.1065 | Z13: 0.0989 | AA13: E6 | AB13: 0.9092 | AC13: 0.8381 | AD13: E7 | AE13: 0.3475 | AF13: 0.326
A14: =A13+1 -> 14 | B14: -> | C14: E7 | D14: I1 | E14: e | F14: E6 | G14: Terra
A15: =A14+1 -> 15 | B15: -> | C15: E91 | D15: 1.4926 | E15: 1.0851 | F15: E92 | G15: 0 | H15: 0 | I15: E0 | J15: 0.1583 | K15: 0.1514 | L15: E1 | M15: 0.6709 | N15: 0.5905 | O15: E2 | P15: 0.1585 | Q15: 0.1428 | R15: E3 | S15: 0.6729 | T15: 0.593 | U15: E4 | V15: 0.1601 | W15: 0.1424 | X15: E5 | Y15: 0.6723 | Z15: 0.5952 | AA15: E6 | AB15: 0.1076 | AC15: 0.0968 | AD15: E7 | AE15: 0.997 | AF15: 0.8806
A16: =A15+1 -> 16 | B16: -> | C16: E0 | D16: I1 | E16: e | F16: E7 | G16: Terra
A17: =A16+1 -> 17 | B17: -> | C17: E91 | D17: 1.4985 | E17: 1.0746 | F17: E92 | G17: 0 | H17: 0 | I17: E0 | J17: 1.062 | K17: 0.94 | L17: E1 | M17: 0.4571 | N17: 0.4067 | O17: E2 | P17: 0.9538 | Q17: 0.8445 | R17: E3 | S17: 0.4574 | T17: 0.4066 | U17: E4 | V17: 0.9627 | W17: 0.8533 | X17: E5 | Y17: 0.4573 | Z17: 0.4057 | AA17: E6 | AB17: 0.9602 | AC17: 0.8512 | AD17: E7 | AE17: 0.1057 | AF17: 0.095
A18: =A17+1 -> 18
A19: =A18+1 -> 19
A20: =A19+1 -> 20
A21: =A20+1 -> 21 | B21: ->
A22: =A21+1 -> 22 | B22: -> | C22: E1 | D22: I1 | E22: e | F22: E0 | G22: Terra
A23: =A22+1 -> 23 | B23: -> | C23: E91 | D23: 1.4996 | E23: 1.0863 | F23: E92 | G23: 0 | H23: 0 | I23: E0 | J23: 0.1092 | K23: 0.0984 | L23: E1 | M23: 1.0108 | N23: 0.8892 | O23: E2 | P23: 0.2792 | Q23: 0.2526 | R23: E3 | S23: 0.7936 | T23: 0.7096 | U23: E4 | V23: 0.2789 | W23: 0.2521 | X23: E5 | Y23: 0.7928 | Z23: 0.7011 | AA23: E6 | AB23: 0.2805 | AC23: 0.2458 | AD23: E7 | AE23: 0.7944 | AF23: 0.692
A24: =A23+1 -> 24 | B24: -> | C24: E2 | D24: I1 | E24: e | F24: E1 | G24: Terra
A25: =A24+1 -> 25 | B25: -> | C25: E91 | D25: 1.472 | E25: 1.1256 | F25: E92 | G25: 0 | H25: 0 | I25: E0 | J25: 0.8879 | K25: 0.8138 | L25: E1 | M25: 0.1091 | N25: 0.0998 | O25: E2 | P25: 0.9482 | Q25: 0.8688 | R25: E3 | S25: 0.3741 | T25: 0.3452 | U25: E4 | V25: 0.8885 | W25: 0.8156 | X25: E5 | Y25: 0.3742 | Z25: 0.3443 | AA25: E6 | AB25: 0.8872 | AC25: 0.8135 | AD25: E7 | AE25: 0.3746 | AF25: 0.3454
A26: =A25+1 -> 26 | B26: -> | C26: E3 | D26: I1 | E26: e | F26: E2 | G26: Terra
A27: =A26+1 -> 27 | B27: -> | C27: E91 | D27: 1.5179 | E27: 1.0718 | F27: E92 | G27: 0 | H27: 0 | I27: E0 | J27: 0.2195 | K27: 0.2067 | L27: E1 | M27: 0.7039 | N27: 0.6414 | O27: E2 | P27: 0.1135 | Q27: 0.1042 | R27: E3 | S27: 0.8378 | T27: 0.7639 | U27: E4 | V27: 0.19 | W27: 0.1748 | X27: E5 | Y27: 0.7038 | Z27: 0.637 | AA27: E6 | AB27: 0.1908 | AC27: 0.1725 | AD27: E7 | AE27: 0.6957 | AF27: 0.6159
A28: =A27+1 -> 28 | B28: -> | C28: E4 | D28: I1 | E28: e | F28: E3 | G28: Terra
A29: =A28+1 -> 29 | B29: -> | C29: E91 | D29: 1.4634 | E29: 1.0962 | F29: E92 | G29: 0 | H29: 0 | I29: E0 | J29: 0.7555 | K29: 0.7018 | L29: E1 | M29: 0.2413 | N29: 0.2266 | O29: E2 | P29: 0.7563 | Q29: 0.6996 | R29: E3 | S29: 0.1097 | T29: 0.1027 | U29: E4 | V29: 0.8997 | W29: 0.8343 | X29: E5 | Y29: 0.2433 | Z29: 0.2276 | AA29: E6 | AB29: 0.7563 | AC29: 0.7012 | AD29: E7 | AE29: 0.2434 | AF29: 0.231
A30: =A29+1 -> 30 | B30: -> | C30: E5 | D30: I1 | E30: e | F30: E4 | G30: Terra
A31: =A30+1 -> 31 | B31: -> | C31: E91 | D31: 1.5126 | E31: 1.0782 | F31: E92 | G31: 0 | H31: 0 | I31: E0 | J31: 0.2469 | K31: 0.2279 | L31: E1 | M31: 0.7607 | N31: 0.6858 | O31: E2 | P31: 0.2452 | Q31: 0.2255 | R31: E3 | S31: 0.7611 | T31: 0.688 | U31: E4 | V31: 0.1065 | W31: 0.0972 | X31: E5 | Y31: 0.9801 | Z31: 0.8837 | AA31: E6 | AB31: 0.2456 | AC31: 0.2253 | AD31: E7 | AE31: 0.7606 | AF31: 0.6817
A32: =A31+1 -> 32 | B32: -> | C32: E6 | D32: I1 | E32: e | F32: E5 | G32: Terra
A33: =A32+1 -> 33 | B33: -> | C33: E91 | D33: 1.4774 | E33: 1.1154 | F33: E92 | G33: 0 | H33: 0 | I33: E0 | J33: 0.8626 | K33: 0.793 | L33: E1 | M33: 0.3384 | N33: 0.3141 | O33: E2 | P33: 0.8573 | Q33: 0.7892 | R33: E3 | S33: 0.3478 | T33: 0.3224 | U33: E4 | V33: 0.8624 | W33: 0.794 | X33: E5 | Y33: 0.1064 | Z33: 0.0985 | AA33: E6 | AB33: 0.9085 | AC33: 0.8346 | AD33: E7 | AE33: 0.3465 | AF33: 0.3198
A34: =A33+1 -> 34 | B34: -> | C34: E7 | D34: I1 | E34: e | F34: E6 | G34: Terra
A35: =A34+1 -> 35 | B35: -> | C35: E91 | D35: 1.4977 | E35: 1.0867 | F35: E92 | G35: 0 | H35: 0 | I35: E0 | J35: 0.1583 | K35: 0.1511 | L35: E1 | M35: 0.6727 | N35: 0.5964 | O35: E2 | P35: 0.1588 | Q35: 0.1429 | R35: E3 | S35: 0.6751 | T35: 0.5887 | U35: E4 | V35: 0.1601 | W35: 0.1422 | X35: E5 | Y35: 0.6729 | Z35: 0.5892 | AA35: E6 | AB35: 0.1076 | AC35: 0.0962 | AD35: E7 | AE35: 0.9999 | AF35: 0.8864
A36: =A35+1 -> 36 | B36: -> | C36: E0 | D36: I1 | E36: e | F36: E7 | G36: Terra
A37: =A36+1 -> 37 | B37: -> | C37: E91 | D37: 1.5215 | E37: 1.0703 | F37: E92 | G37: 0 | H37: 0 | I37: E0 | J37: 1.0626 | K37: 0.94 | L37: E1 | M37: 0.4564 | N37: 0.4057 | O37: E2 | P37: 0.9557 | Q37: 0.8468 | R37: E3 | S37: 0.4581 | T37: 0.4062 | U37: E4 | V37: 0.9641 | W37: 0.8554 | X37: E5 | Y37: 0.4568 | Z37: 0.4058 | AA37: E6 | AB37: 0.9542 | AC37: 0.845 | AD37: E7 | AE37: 0.1057 | AF37: 0.095
A38: =A37+1 -> 38
A39: =A38+1 -> 39
A40: =A39+1 -> 40 | B40: ->
A41: =A40+1 -> 41 | B41: ->
A42: =A41+1 -> 42 | B42: -> | C42: E1 | D42: I1 | E42: e | F42: E0 | G42: Terra
A43: =A42+1 -> 43 | B43: -> | C43: E91 | D43: 1.5152 | E43: 1.0755 | F43: E92 | G43: 0 | H43: 0 | I43: E0 | J43: 0.1094 | K43: 0.0985 | L43: E1 | M43: 1.0229 | N43: 0.9034 | O43: E2 | P43: 0.2841 | Q43: 0.2508 | R43: E3 | S43: 0.793 | T43: 0.6932 | U43: E4 | V43: 0.2813 | W43: 0.2441 | X43: E5 | Y43: 0.7888 | Z43: 0.6836 | AA43: E6 | AB43: 0.2801 | AC43: 0.2442 | AD43: E7 | AE43: 0.7905 | AF43: 0.6664
A44: =A43+1 -> 44 | B44: -> | C44: E2 | D44: I1 | E44: e | F44: E1 | G44: Terra
A45: =A44+1 -> 45 | B45: -> | C45: E91 | D45: 1.5022 | E45: 1.0827 | F45: E92 | G45: 0 | H45: 0 | I45: E0 | J45: 0.8886 | K45: 0.8136 | L45: E1 | M45: 0.1097 | N45: 0.1009 | O45: E2 | P45: 0.9466 | Q45: 0.8674 | R45: E3 | S45: 0.3756 | T45: 0.3444 | U45: E4 | V45: 0.8881 | W45: 0.8158 | X45: E5 | Y45: 0.3736 | Z45: 0.3437 | AA45: E6 | AB45: 0.8835 | AC45: 0.8112 | AD45: E7 | AE45: 0.375 | AF45: 0.3471
A46: =A45+1 -> 46 | B46: -> | C46: E3 | D46: I1 | E46: e | F46: E2 | G46: Terra
A47: =A46+1 -> 47 | B47: -> | C47: E91 | D47: 1.5107 | E47: 1.0764 | F47: E92 | G47: 0 | H47: 0 | I47: E0 | J47: 0.1905 | K47: 0.179 | L47: E1 | M47: 0.7055 | N47: 0.6407 | O47: E2 | P47: 0.1135 | Q47: 0.1047 | R47: E3 | S47: 0.8352 | T47: 0.7646 | U47: E4 | V47: 0.19 | W47: 0.1757 | X47: E5 | Y47: 0.7047 | Z47: 0.6396 | AA47: E6 | AB47: 0.1903 | AC47: 0.1741 | AD47: E7 | AE47: 0.7041 | AF47: 0.6352
A48: =A47+1 -> 48 | B48: -> | C48: E4 | D48: I1 | E48: e | F48: E3 | G48: Terra
A49: =A48+1 -> 49 | B49: -> | C49: E91 | D49: 1.4673 | E49: 1.0921 | F49: E92 | G49: 0 | H49: 0 | I49: E0 | J49: 0.7566 | K49: 0.6978 | L49: E1 | M49: 0.2446 | N49: 0.2237 | O49: E2 | P49: 0.7564 | Q49: 0.6998 | R49: E3 | S49: 0.1089 | T49: 0.1026 | U49: E4 | V49: 0.8974 | W49: 0.83 | X49: E5 | Y49: 0.243 | Z49: 0.2276 | AA49: E6 | AB49: 0.7567 | AC49: 0.6975 | AD49: E7 | AE49: 0.2449 | AF49: 0.2315
A50: =A49+1 -> 50 | B50: -> | C50: E5 | D50: I1 | E50: e | F50: E4 | G50: Terra
A51: =A50+1 -> 51 | B51: -> | C51: E91 | D51: 1.4737 | E51: 1.0944 | F51: E92 | G51: 0 | H51: 0 | I51: E0 | J51: 0.2471 | K51: 0.227 | L51: E1 | M51: 0.7608 | N51: 0.6852 | O51: E2 | P51: 0.2458 | Q51: 0.2242 | R51: E3 | S51: 0.7608 | T51: 0.6868 | U51: E4 | V51: 0.1065 | W51: 0.0973 | X51: E5 | Y51: 0.9817 | Z51: 0.8885 | AA51: E6 | AB51: 0.2459 | AC51: 0.2237 | AD51: E7 | AE51: 0.7596 | AF51: 0.6822
A52: =A51+1 -> 52 | B52: -> | C52: E6 | D52: I1 | E52: e | F52: E5 | G52: Terra
A53: =A52+1 -> 53 | B53: -> | C53: E91 | D53: 1.4664 | E53: 1.1195 | F53: E92 | G53: 0 | H53: 0 | I53: E0 | J53: 0.8634 | K53: 0.7941 | L53: E1 | M53: 0.346 | N53: 0.3221 | O53: E2 | P53: 0.861 | Q53: 0.7926 | R53: E3 | S53: 0.3507 | T53: 0.3225 | U53: E4 | V53: 0.8622 | W53: 0.7941 | X53: E5 | Y53: 0.1059 | Z53: 0.0955 | AA53: E6 | AB53: 0.9079 | AC53: 0.8344 | AD53: E7 | AE53: 0.3466 | AF53: 0.3102
A54: =A53+1 -> 54 | B54: -> | C54: E7 | D54: I1 | E54: e | F54: E6 | G54: Terra
A55: =A54+1 -> 55 | B55: -> | C55: E91 | D55: 1.4553 | E55: 1.1159 | F55: E92 | G55: 0 | H55: 0 | I55: E0 | J55: 0.1614 | K55: 0.1485 | L55: E1 | M55: 0.6741 | N55: 0.5978 | O55: E2 | P55: 0.1594 | Q55: 0.144 | R55: E3 | S55: 0.6758 | T55: 0.6006 | U55: E4 | V55: 0.1591 | W55: 0.1433 | X55: E5 | Y55: 0.6724 | Z55: 0.5975 | AA55: E6 | AB55: 0.1083 | AC55: 0.0974 | AD55: E7 | AE55: 0.9976 | AF55: 0.8888
A56: =A55+1 -> 56 | B56: -> | C56: E0 | D56: I1 | E56: e | F56: E7 | G56: Terra
A57: =A56+1 -> 57 | B57: -> | C57: E91 | D57: 1.5238 | E57: 1.0648 | F57: E92 | G57: 0 | H57: 0 | I57: E0 | J57: 1.0668 | K57: 0.9427 | L57: E1 | M57: 0.4567 | N57: 0.4064 | O57: E2 | P57: 0.9586 | Q57: 0.8495 | R57: E3 | S57: 0.4573 | T57: 0.4072 | U57: E4 | V57: 0.9568 | W57: 0.847 | X57: E5 | Y57: 0.4653 | Z57: 0.4145 | AA57: E6 | AB57: 0.9564 | AC57: 0.8489 | AD57: E7 | AE57: 0.1042 | AF57: 0.0951
A58: =A57+1 -> 58
A59: =A58+1 -> 59
A60: =A59+1 -> 60 | B60: ->
A61: =A60+1 -> 61 | B61: ->
A62: =A61+1 -> 62 | B62: -> | C62: E1 | D62: I1 | E62: e | F62: E0 | G62: Terra
A63: =A62+1 -> 63 | B63: -> | C63: E91 | D63: 1.4655 | E63: 1.094 | F63: E92 | G63: 0 | H63: 0 | I63: E0 | J63: 0.1103 | K63: 0.0987 | L63: E1 | M63: 1.0214 | N63: 0.9071 | O63: E2 | P63: 0.2814 | Q63: 0.2509 | R63: E3 | S63: 0.7968 | T63: 0.7069 | U63: E4 | V63: 0.2816 | W63: 0.2524 | X63: E5 | Y63: 0.7962 | Z63: 0.704 | AA63: E6 | AB63: 0.2805 | AC63: 0.251 | AD63: E7 | AE63: 0.7963 | AF63: 0.7037
A64: =A63+1 -> 64 | B64: -> | C64: E2 | D64: I1 | E64: e | F64: E1 | G64: Terra
A65: =A64+1 -> 65 | B65: -> | C65: E91 | D65: 1.4662 | E65: 1.1118 | F65: E92 | G65: 0 | H65: 0 | I65: E0 | J65: 0.8888 | K65: 0.8144 | L65: E1 | M65: 0.1093 | N65: 0.1006 | O65: E2 | P65: 0.9466 | Q65: 0.8659 | R65: E3 | S65: 0.3741 | T65: 0.346 | U65: E4 | V65: 0.8866 | W65: 0.8122 | X65: E5 | Y65: 0.3736 | Z65: 0.3444 | AA65: E6 | AB65: 0.8851 | AC65: 0.8129 | AD65: E7 | AE65: 0.3744 | AF65: 0.3525
A66: =A65+1 -> 66 | B66: -> | C66: E3 | D66: I1 | E66: e | F66: E2 | G66: Terra
A67: =A66+1 -> 67 | B67: -> | C67: E91 | D67: 1.4722 | E67: 1.1097 | F67: E92 | G67: 0 | H67: 0 | I67: E0 | J67: 0.1899 | K67: 0.1729 | L67: E1 | M67: 0.7064 | N67: 0.6352 | O67: E2 | P67: 0.1117 | Q67: 0.1032 | R67: E3 | S67: 0.8371 | T67: 0.7612 | U67: E4 | V67: 0.1905 | W67: 0.1757 | X67: E5 | Y67: 0.7038 | Z67: 0.6388 | AA67: E6 | AB67: 0.19 | AC67: 0.1752 | AD67: E7 | AE67: 0.7042 | AF67: 0.6346
A68: =A67+1 -> 68 | B68: -> | C68: E4 | D68: I1 | E68: e | F68: E3 | G68: Terra
A69: =A68+1 -> 69 | B69: -> | C69: E91 | D69: 1.5119 | E69: 1.077 | F69: E92 | G69: 0 | H69: 0 | I69: E0 | J69: 0.7585 | K69: 0.7029 | L69: E1 | M69: 0.243 | N69: 0.2272 | O69: E2 | P69: 0.7569 | Q69: 0.7013 | R69: E3 | S69: 0.1101 | T69: 0.1033 | U69: E4 | V69: 0.8939 | W69: 0.8294 | X69: E5 | Y69: 0.2436 | Z69: 0.2272 | AA69: E6 | AB69: 0.7567 | AC69: 0.7007 | AD69: E7 | AE69: 0.2428 | AF69: 0.232
A70: =A69+1 -> 70 | B70: -> | C70: E5 | D70: I1 | E70: e | F70: E4 | G70: Terra
A71: =A70+1 -> 71 | B71: -> | C71: E91 | D71: 1.4884 | E71: 1.0806 | F71: E92 | G71: 0 | H71: 0 | I71: E0 | J71: 0.2461 | K71: 0.2271 | L71: E1 | M71: 0.759 | N71: 0.6826 | O71: E2 | P71: 0.2437 | Q71: 0.2213 | R71: E3 | S71: 0.7589 | T71: 0.6708 | U71: E4 | V71: 0.1067 | W71: 0.0927 | X71: E5 | Y71: 0.9695 | Z71: 0.8609 | AA71: E6 | AB71: 0.2444 | AC71: 0.2167 | AD71: E7 | AE71: 0.7493 | AF71: 0.6551
A72: =A71+1 -> 72 | B72: -> | C72: E6 | D72: I1 | E72: e | F72: E5 | G72: Terra
A73: =A72+1 -> 73 | B73: -> | C73: E91 | D73: 1.4997 | E73: 1.1026 | F73: E92 | G73: 0 | H73: 0 | I73: E0 | J73: 0.8568 | K73: 0.7884 | L73: E1 | M73: 0.3471 | N73: 0.3219 | O73: E2 | P73: 0.8598 | Q73: 0.7924 | R73: E3 | S73: 0.3471 | T73: 0.3226 | U73: E4 | V73: 0.8625 | W73: 0.7951 | X73: E5 | Y73: 0.1065 | Z73: 0.0987 | AA73: E6 | AB73: 0.9092 | AC73: 0.8366 | AD73: E7 | AE73: 0.35 | AF73: 0.3266
A74: =A73+1 -> 74 | B74: -> | C74: E7 | D74: I1 | E74: e | F74: E6 | G74: Terra
A75: =A74+1 -> 75 | B75: -> | C75: E91 | D75: 1.4706 | E75: 1.1201 | F75: E92 | G75: 0 | H75: 0 | I75: E0 | J75: 0.1602 | K75: 0.1479 | L75: E1 | M75: 0.6739 | N75: 0.5982 | O75: E2 | P75: 0.1594 | Q75: 0.1445 | R75: E3 | S75: 0.6743 | T75: 0.5991 | U75: E4 | V75: 0.1601 | W75: 0.1445 | X75: E5 | Y75: 0.6734 | Z75: 0.5973 | AA75: E6 | AB75: 0.107 | AC75: 0.0969 | AD75: E7 | AE75: 0.9996 | AF75: 0.8852
A76: =A75+1 -> 76 | B76: -> | C76: E0 | D76: I1 | E76: e | F76: E7 | G76: Terra
A77: =A76+1 -> 77 | B77: -> | C77: E91 | D77: 1.5234 | E77: 1.0625 | F77: E92 | G77: 0 | H77: 0 | I77: E0 | J77: 1.0634 | K77: 0.9398 | L77: E1 | M77: 0.4569 | N77: 0.4072 | O77: E2 | P77: 0.9609 | Q77: 0.8545 | R77: E3 | S77: 0.4565 | T77: 0.4074 | U77: E4 | V77: 0.9624 | W77: 0.8547 | X77: E5 | Y77: 0.4558 | Z77: 0.4054 | AA77: E6 | AB77: 0.9613 | AC77: 0.8527 | AD77: E7 | AE77: 0.1078 | AF77: 0.0997
A78: =A77+1 -> 78 | B78: ->
A79: =A78+1 -> 79
A80: =A79+1 -> 80 | B80: ->
A81: =A80+1 -> 81 | B81: ->
A82: =A81+1 -> 82 | B82: -> | C82: E1 | D82: I1 | E82: e | F82: E0 | G82: Terra
A83: =A82+1 -> 83 | B83: -> | C83: E91 | D83: 1.485 | E83: 1.0909 | F83: E92 | G83: 0 | H83: 0 | I83: E0 | J83: 0.1095 | K83: 0.0973 | L83: E1 | M83: 1.0222 | N83: 0.9056 | O83: E2 | P83: 0.2815 | Q83: 0.2474 | R83: E3 | S83: 0.7964 | T83: 0.7064 | U83: E4 | V83: 0.2818 | W83: 0.2512 | X83: E5 | Y83: 0.7954 | Z83: 0.7032 | AA83: E6 | AB83: 0.281 | AC83: 0.2508 | AD83: E7 | AE83: 0.7935 | AF83: 0.7016
A84: =A83+1 -> 84 | B84: -> | C84: E2 | D84: I1 | E84: e | F84: E1 | G84: Terra
A85: =A84+1 -> 85 | B85: -> | C85: E91 | D85: 1.5026 | E85: 1.0919 | F85: E92 | G85: 0 | H85: 0 | I85: E0 | J85: 0.888 | K85: 0.8121 | L85: E1 | M85: 0.1093 | N85: 0.101 | O85: E2 | P85: 0.9521 | Q85: 0.8733 | R85: E3 | S85: 0.3747 | T85: 0.3459 | U85: E4 | V85: 0.89 | W85: 0.8166 | X85: E5 | Y85: 0.3733 | Z85: 0.3437 | AA85: E6 | AB85: 0.8836 | AC85: 0.81 | AD85: E7 | AE85: 0.3731 | AF85: 0.3474
A86: =A85+1 -> 86 | B86: -> | C86: E3 | D86: I1 | E86: e | F86: E2 | G86: Terra
A87: =A86+1 -> 87 | B87: -> | C87: E91 | D87: 1.5085 | E87: 1.0731 | F87: E92 | G87: 0 | H87: 0 | I87: E0 | J87: 0.1906 | K87: 0.1787 | L87: E1 | M87: 0.7034 | N87: 0.6413 | O87: E2 | P87: 0.1134 | Q87: 0.1046 | R87: E3 | S87: 0.8375 | T87: 0.7648 | U87: E4 | V87: 0.1907 | W87: 0.1763 | X87: E5 | Y87: 0.7046 | Z87: 0.6407 | AA87: E6 | AB87: 0.1897 | AC87: 0.1751 | AD87: E7 | AE87: 0.7057 | AF87: 0.6371
A88: =A87+1 -> 88 | B88: -> | C88: E4 | D88: I1 | E88: e | F88: E3 | G88: Terra
A89: =A88+1 -> 89 | B89: -> | C89: E91 | D89: 1.5132 | E89: 1.0736 | F89: E92 | G89: 0 | H89: 0 | I89: E0 | J89: 0.7591 | K89: 0.7034 | L89: E1 | M89: 0.2437 | N89: 0.2275 | O89: E2 | P89: 0.7565 | Q89: 0.7013 | R89: E3 | S89: 0.11 | T89: 0.1033 | U89: E4 | V89: 0.8979 | W89: 0.8346 | X89: E5 | Y89: 0.2456 | Z89: 0.2297 | AA89: E6 | AB89: 0.7568 | AC89: 0.6968 | AD89: E7 | AE89: 0.2409 | AF89: 0.2197
A90: =A89+1 -> 90 | B90: -> | C90: E5 | D90: I1 | E90: e | F90: E4 | G90: Terra
A91: =A90+1 -> 91 | B91: -> | C91: E91 | D91: 1.4654 | E91: 1.0953 | F91: E92 | G91: 0 | H91: 0 | I91: E0 | J91: 0.249 | K91: 0.2204 | L91: E1 | M91: 0.7531 | N91: 0.6649 | O91: E2 | P91: 0.2451 | Q91: 0.2123 | R91: E3 | S91: 0.7563 | T91: 0.6645 | U91: E4 | V91: 0.1046 | W91: 0.0953 | X91: E5 | Y91: 0.9627 | Z91: 0.8815 | AA91: E6 | AB91: 0.2402 | AC91: 0.2209 | AD91: E7 | AE91: 0.7559 | AF91: 0.6633
A92: =A91+1 -> 92 | B92: -> | C92: E6 | D92: I1 | E92: e | F92: E5 | G92: Terra
A93: =A92+1 -> 93 | B93: -> | C93: E91 | D93: 1.4682 | E93: 1.103 | F93: E92 | G93: 0 | H93: 0 | I93: E0 | J93: 0.8585 | K93: 0.79 | L93: E1 | M93: 0.3463 | N93: 0.3187 | O93: E2 | P93: 0.8579 | Q93: 0.7915 | R93: E3 | S93: 0.3474 | T93: 0.3195 | U93: E4 | V93: 0.863 | W93: 0.7944 | X93: E5 | Y93: 0.1064 | Z93: 0.0982 | AA93: E6 | AB93: 0.9075 | AC93: 0.8363 | AD93: E7 | AE93: 0.3494 | AF93: 0.3253
A94: =A93+1 -> 94 | B94: -> | C94: E7 | D94: I1 | E94: e | F94: E6 | G94: Terra
A95: =A94+1 -> 95 | B95: -> | C95: E91 | D95: 1.5065 | E95: 1.0803 | F95: E92 | G95: 0 | H95: 0 | I95: E0 | J95: 0.1605 | K95: 0.149 | L95: E1 | M95: 0.6734 | N95: 0.5987 | O95: E2 | P95: 0.1601 | Q95: 0.1446 | R95: E3 | S95: 0.6738 | T95: 0.5985 | U95: E4 | V95: 0.1609 | W95: 0.1446 | X95: E5 | Y95: 0.674 | Z95: 0.5975 | AA95: E6 | AB95: 0.1074 | AC95: 0.0971 | AD95: E7 | AE95: 0.9985 | AF95: 0.8826
A96: =A95+1 -> 96 | B96: -> | C96: E0 | D96: I1 | E96: e | F96: E7 | G96: Terra
A97: =A96+1 -> 97 | B97: -> | C97: E91 | D97: 1.5187 | E97: 1.0662 | F97: E92 | G97: 0 | H97: 0 | I97: E0 | J97: 1.0722 | K97: 0.9412 | L97: E1 | M97: 0.457 | N97: 0.4064 | O97: E2 | P97: 0.9613 | Q97: 0.8529 | R97: E3 | S97: 0.4578 | T97: 0.4071 | U97: E4 | V97: 0.9566 | W97: 0.8464 | X97: E5 | Y97: 0.4574 | Z97: 0.4057 | AA97: E6 | AB97: 0.9606 | AC97: 0.8519 | AD97: E7 | AE97: 0.1058 | AF97: 0.0942
B98: ->

Sheet Dados processados
A1: E1 conectado ao I1 e E0 conectado ao terra
B2: {=_xlfn._xlws.FILTER('Dado Bruto'!A:AF, ('Dado Bruto'!A:A=3) + ('Dado Bruto'!A:A=23) + ('Dado Bruto'!A:A=43)+ ('Dado Bruto'!A:A=63)+ ('Dado Bruto'!A:A=83), "Não encontrado")} -> 3 | C2: -> | D2: E91 | E2: 1.5044 | F2: 1.0908 | G2: E92 | H2: 0 | I2: 0 | J2: E0 | K2: 0.1098 | L2: 0.0985 | M2: E1 | N2: 1.0209 | O2: 0.9028 | P2: E2 | Q2: 0.2806 | R2: 0.251 | S2: E3 | T2: 0.7968 | U2: 0.7066 | V2: E4 | W2: 0.2827 | X2: 0.2519 | Y2: E5 | Z2: 0.7964 | AA2: 0.7018 | AB2: E6 | AC2: 0.2739 | AD2: 0.2426 | AE2: E7 | AF2: 0.797 | AG2: 0.6766
B3: 23 | C3: -> | D3: E91 | E3: 1.4996 | F3: 1.0863 | G3: E92 | H3: 0 | I3: 0 | J3: E0 | K3: 0.1092 | L3: 0.0984 | M3: E1 | N3: 1.0108 | O3: 0.8892 | P3: E2 | Q3: 0.2792 | R3: 0.2526 | S3: E3 | T3: 0.7936 | U3: 0.7096 | V3: E4 | W3: 0.2789 | X3: 0.2521 | Y3: E5 | Z3: 0.7928 | AA3: 0.7011 | AB3: E6 | AC3: 0.2805 | AD3: 0.2458 | AE3: E7 | AF3: 0.7944 | AG3: 0.692
B4: 43 | C4: -> | D4: E91 | E4: 1.5152 | F4: 1.0755 | G4: E92 | H4: 0 | I4: 0 | J4: E0 | K4: 0.1094 | L4: 0.0985 | M4: E1 | N4: 1.0229 | O4: 0.9034 | P4: E2 | Q4: 0.2841 | R4: 0.2508 | S4: E3 | T4: 0.793 | U4: 0.6932 | V4: E4 | W4: 0.2813 | X4: 0.2441 | Y4: E5 | Z4: 0.7888 | AA4: 0.6836 | AB4: E6 | AC4: 0.2801 | AD4: 0.2442 | AE4: E7 | AF4: 0.7905 | AG4: 0.6664
B5: 63 | C5: -> | D5: E91 | E5: 1.4655 | F5: 1.094 | G5: E92 | H5: 0 | I5: 0 | J5: E0 | K5: 0.1103 | L5: 0.0987 | M5: E1 | N5: 1.0214 | O5: 0.9071 | P5: E2 | Q5: 0.2814 | R5: 0.2509 | S5: E3 | T5: 0.7968 | U5: 0.7069 | V5: E4 | W5: 0.2816 | X5: 0.2524 | Y5: E5 | Z5: 0.7962 | AA5: 0.704 | AB5: E6 | AC5: 0.2805 | AD5: 0.251 | AE5: E7 | AF5: 0.7963 | AG5: 0.7037
B6: 83 | C6: -> | D6: E91 | E6: 1.485 | F6: 1.0909 | G6: E92 | H6: 0 | I6: 0 | J6: E0 | K6: 0.1095 | L6: 0.0973 | M6: E1 | N6: 1.0222 | O6: 0.9056 | P6: E2 | Q6: 0.2815 | R6: 0.2474 | S6: E3 | T6: 0.7964 | U6: 0.7064 | V6: E4 | W6: 0.2818 | X6: 0.2512 | Y6: E5 | Z6: 0.7954 | AA6: 0.7032 | AB6: E6 | AC6: 0.281 | AD6: 0.2508 | AE6: E7 | AF6: 0.7935 | AG6: 0.7016
A7: Média | E7: =AVERAGE(E2:E6) -> 1.49394 | F7: =AVERAGE(F2:F6) -> 1.0875 | K7: =AVERAGE(K2:K6) -> 0.10964 | L7: =AVERAGE(L2:L6) -> 0.09828 | N7: =AVERAGE(N2:N6) -> 1.01964 | O7: =AVERAGE(O2:O6) -> 0.90162 | Q7: =AVERAGE(Q2:Q6) -> 0.28136 | R7: =AVERAGE(R2:R6) -> 0.25054 | T7: =AVERAGE(T2:T6) -> 0.79532 | U7: =AVERAGE(U2:U6) -> 0.70454 | W7: =AVERAGE(W2:W6) -> 0.28126 | X7: =AVERAGE(X2:X6) -> 0.25034 | Z7: =AVERAGE(Z2:Z6) -> 0.79392 | AA7: =AVERAGE(AA2:AA6) -> 0.69874 | AC7: =AVERAGE(AC2:AC6) -> 0.2792 | AD7: =AVERAGE(AD2:AD6) -> 0.24688 | AF7: =AVERAGE(AF2:AF6) -> 0.79434 | AG7: =AVERAGE(AG2:AG6) -> 0.68806
A8: STD | E8: =_xlfn.STDEV.P(E2:E6) -> 0.017217387 | F8: =_xlfn.STDEV.P(F2:F6) -> 0.0064829006 | K8: =_xlfn.STDEV.P(K2:K6) -> 0.00038262253 | L8: =_xlfn.STDEV.P(L2:L6) -> 0.00049959984 | N8: =_xlfn.STDEV.P(N2:N6) -> 0.0044724043 | O8: =_xlfn.STDEV.P(O2:O6) -> 0.0063982498 | Q8: =_xlfn.STDEV.P(Q2:Q6) -> 0.001598249 | R8: =_xlfn.STDEV.P(R2:R6) -> 0.0017036432 | T8: =_xlfn.STDEV.P(T2:T6) -> 0.0016666133 | U8: =_xlfn.STDEV.P(U2:U6) -> 0.0057874347 | W8: =_xlfn.STDEV.P(W2:W6) -> 0.0012690154 | X8: =_xlfn.STDEV.P(X2:X6) -> 0.0031449006 | Z8: =_xlfn.STDEV.P(Z2:Z6) -> 0.0028638436 | AA8: =_xlfn.STDEV.P(AA2:AA6) -> 0.0076382197 | AC8: =_xlfn.STDEV.P(AC2:AC6) -> 0.002665333 | AD8: =_xlfn.STDEV.P(AD2:AD6) -> 0.0034353457 | AF8: =_xlfn.STDEV.P(AF2:AF6) -> 0.0022966062 | AG8: =_xlfn.STDEV.P(AG2:AG6) -> 0.014449581
A9: SNR (dB) | E9: =20*LOG10(E7/E8) -> 38.767319 | F9: =20*LOG10(F7/F8) -> 44.493198 | K9: =20*LOG10(K7/K8) -> 49.14397 | L9: =20*LOG10(L7/L8) -> 45.876857 | N9: =20*LOG10(N7/N8) -> 47.158116 | O9: =20*LOG10(O7/O8) -> 42.979247 | Q9: =20*LOG10(Q7/Q8) -> 44.912358 | R9: =20*LOG10(R7/R8) -> 43.349969 | T9: =20*LOG10(T7/T8) -> 53.574141 | U9: =20*LOG10(U7/U8) -> 41.708391 | W9: =20*LOG10(W7/W8) -> 46.912822 | X9: =20*LOG10(X7/X8) -> 38.018466 | Z9: =20*LOG10(Z7/Z8) -> 48.856549 | AA9: =20*LOG10(AA7/AA8) -> 39.226469 | AC9: =20*LOG10(AC7/AC8) -> 40.403279 | AD9: =20*LOG10(AD7/AD8) -> 37.130309 | AF9: =20*LOG10(AF7/AF8) -> 50.778398 | AG9: =20*LOG10(AG7/AG8) -> 33.555421
A10: Valor simulado | E10: =(0.000528043*2*1000) -> 1.056086 | F10: =(0.000527572*2*1000) -> 1.055144 | K10: 0.132 | L10: 0.1319 | N10: 1.0978 | O10: 1.0968 | Q10: 0.3057 | R10: 0.3055 | T10: 0.8306 | U10: 0.8299 | W10: 0.3057 | X10: 0.3055 | Z10: 0.8306 | AA10: 0.8299 | AC10: 0.3057 | AD10: 0.3055 | AF10: 0.8306 | AG10: 0.8299
A11: Razao de amplitudes medido (V/I) | K11: =K7/$E$7 -> 0.073389828 | L11: =L7/$F$7 -> 0.090372414 | N11: =N7/$E$7 -> 0.68251737 | O11: =O7/$F$7 -> 0.82907586 | Q11: =Q7/$E$7 -> 0.1883342 | R11: =R7/$F$7 -> 0.23038161 | T11: =T7/$E$7 -> 0.53236408 | U11: =U7/$F$7 -> 0.64785287 | W11: =W7/$E$7 -> 0.18826727 | X11: =X7/$F$7 -> 0.2301977 | Z11: =Z7/$E$7 -> 0.53142696 | AA11: =AA7/$F$7 -> 0.64251954 | AC11: =AC7/$E$7 -> 0.18688836 | AD11: =AD7/$F$7 -> 0.22701609 | AF11: =AF7/$E$7 -> 0.5317081 | AG11: =AG7/$F$7 -> 0.63269885
A12: Razao de amplitudes simulado (V/I) | K12: =K10/$E$10 -> 0.12498982 | L12: =L10/$F$10 -> 0.12500663 | N12: =N10/$E$10 -> 1.0394987 | O12: =O10/$F$10 -> 1.039479 | Q12: =Q10/$E$10 -> 0.28946506 | R12: =R10/$F$10 -> 0.28953394 | T12: =T10/$E$10 -> 0.78648898 | U12: =U10/$F$10 -> 0.78652772 | W12: =W10/$E$10 -> 0.28946506 | X12: =X10/$F$10 -> 0.28953394 | Z12: =Z10/$E$10 -> 0.78648898 | AA12: =AA10/$F$10 -> 0.78652772 | AC12: =AC10/$E$10 -> 0.28946506 | AD12: =AD10/$F$10 -> 0.28953394 | AF12: =AF10/$E$10 -> 0.78648898 | AG12: =AG10/$F$10 -> 0.78652772
A13: Acurácia | K13: =1-((ABS(K11-K12))/K12) -> 0.58716644 | L13: =1-((ABS(L11-L12))/L12) -> 0.72294094 | N13: =1-((ABS(N11-N12))/N12) -> 0.6565832 | O13: =1-((ABS(O11-O12))/O12) -> 0.79758791 | Q13: =1-((ABS(Q11-Q12))/Q12) -> 0.65062845 | R13: =1-((ABS(R11-R12))/R12) -> 0.79569811 | T13: =1-((ABS(T11-T12))/T12) -> 0.6768869 | U13: =1-((ABS(U11-U12))/U12) -> 0.82368728 | W13: =1-((ABS(W11-W12))/W12) -> 0.6503972 | X13: =1-((ABS(X11-X12))/X12) -> 0.79506292 | Z13: =1-((ABS(Z11-Z12))/Z12) -> 0.67569537 | AA13: =1-((ABS(AA11-AA12))/AA12) -> 0.81690642 | AC13: =1-((ABS(AC11-AC12))/AC12) -> 0.64563357 | AD13: =1-((ABS(AD11-AD12))/AD12) -> 0.7840742 | AF13: =1-((ABS(AF11-AF12))/AF12) -> 0.67605283 | AG13: =1-((ABS(AG11-AG12))/AG12) -> 0.80442029
A14: E2 conectado ao I1 e E1 conectado ao terra
B15: {=_xlfn._xlws.FILTER('Dado Bruto'!A:AF, ('Dado Bruto'!A:A=5) + ('Dado Bruto'!A:A=25) + ('Dado Bruto'!A:A=45)+ ('Dado Bruto'!A:A=65)+ ('Dado Bruto'!A:A=85), "Não encontrado")} -> 5 | C15: -> | D15: E91 | E15: 1.482 | F15: 1.1035 | G15: E92 | H15: 0 | I15: 0 | J15: E0 | K15: 0.8906 | L15: 0.806 | M15: E1 | N15: 0.1091 | O15: 0.1008 | P15: E2 | Q15: 0.9461 | R15: 0.8653 | S15: E3 | T15: 0.3736 | U15: 0.3443 | V15: E4 | W15: 0.887 | X15: 0.8132 | Y15: E5 | Z15: 0.3735 | AA15: 0.3431 | AB15: E6 | AC15: 0.8831 | AD15: 0.8104 | AE15: E7 | AF15: 0.3735 | AG15: 0.348
B16: 25 | C16: -> | D16: E91 | E16: 1.472 | F16: 1.1256 | G16: E92 | H16: 0 | I16: 0 | J16: E0 | K16: 0.8879 | L16: 0.8138 | M16: E1 | N16: 0.1091 | O16: 0.0998 | P16: E2 | Q16: 0.9482 | R16: 0.8688 | S16: E3 | T16: 0.3741 | U16: 0.3452 | V16: E4 | W16: 0.8885 | X16: 0.8156 | Y16: E5 | Z16: 0.3742 | AA16: 0.3443 | AB16: E6 | AC16: 0.8872 | AD16: 0.8135 | AE16: E7 | AF16: 0.3746 | AG16: 0.3454
B17: 45 | C17: -> | D17: E91 | E17: 1.5022 | F17: 1.0827 | G17: E92 | H17: 0 | I17: 0 | J17: E0 | K17: 0.8886 | L17: 0.8136 | M17: E1 | N17: 0.1097 | O17: 0.1009 | P17: E2 | Q17: 0.9466 | R17: 0.8674 | S17: E3 | T17: 0.3756 | U17: 0.3444 | V17: E4 | W17: 0.8881 | X17: 0.8158 | Y17: E5 | Z17: 0.3736 | AA17: 0.3437 | AB17: E6 | AC17: 0.8835 | AD17: 0.8112 | AE17: E7 | AF17: 0.375 | AG17: 0.3471
B18: 65 | C18: -> | D18: E91 | E18: 1.4662 | F18: 1.1118 | G18: E92 | H18: 0 | I18: 0 | J18: E0 | K18: 0.8888 | L18: 0.8144 | M18: E1 | N18: 0.1093 | O18: 0.1006 | P18: E2 | Q18: 0.9466 | R18: 0.8659 | S18: E3 | T18: 0.3741 | U18: 0.346 | V18: E4 | W18: 0.8866 | X18: 0.8122 | Y18: E5 | Z18: 0.3736 | AA18: 0.3444 | AB18: E6 | AC18: 0.8851 | AD18: 0.8129 | AE18: E7 | AF18: 0.3744 | AG18: 0.3525
B19: 85 | C19: -> | D19: E91 | E19: 1.5026 | F19: 1.0919 | G19: E92 | H19: 0 | I19: 0 | J19: E0 | K19: 0.888 | L19: 0.8121 | M19: E1 | N19: 0.1093 | O19: 0.101 | P19: E2 | Q19: 0.9521 | R19: 0.8733 | S19: E3 | T19: 0.3747 | U19: 0.3459 | V19: E4 | W19: 0.89 | X19: 0.8166 | Y19: E5 | Z19: 0.3733 | AA19: 0.3437 | AB19: E6 | AC19: 0.8836 | AD19: 0.81 | AE19: E7 | AF19: 0.3731 | AG19: 0.3474
A20: Média | E20: =AVERAGE(E15:E19) -> 1.485 | F20: =AVERAGE(F15:F19) -> 1.1031 | K20: =AVERAGE(K15:K19) -> 0.88878 | L20: =AVERAGE(L15:L19) -> 0.81198 | N20: =AVERAGE(N15:N19) -> 0.1093 | O20: =AVERAGE(O15:O19) -> 0.10062 | Q20: =AVERAGE(Q15:Q19) -> 0.94792 | R20: =AVERAGE(R15:R19) -> 0.86814 | T20: =AVERAGE(T15:T19) -> 0.37442 | U20: =AVERAGE(U15:U19) -> 0.34516 | W20: =AVERAGE(W15:W19) -> 0.88804 | X20: =AVERAGE(X15:X19) -> 0.81468 | Z20: =AVERAGE(Z15:Z19) -> 0.37364 | AA20: =AVERAGE(AA15:AA19) -> 0.34384 | AC20: =AVERAGE(AC15:AC19) -> 0.8845 | AD20: =AVERAGE(AD15:AD19) -> 0.8116 | AF20: =AVERAGE(AF15:AF19) -> 0.37412 | AG20: =AVERAGE(AG15:AG19) -> 0.34808
A21: STD | E21: =_xlfn.STDEV.P(E15:E19) -> 0.015080053 | F21: =_xlfn.STDEV.P(F15:F19) -> 0.014991331 | K21: =_xlfn.STDEV.P(K15:K19) -> 0.00097241966 | L21: =_xlfn.STDEV.P(L15:L19) -> 0.0030844124 | N21: =_xlfn.STDEV.P(N15:N19) -> 0.00021908902 | O21: =_xlfn.STDEV.P(O15:O19) -> 0.00043081318 | Q21: =_xlfn.STDEV.P(Q15:Q19) -> 0.002206717 | R21: =_xlfn.STDEV.P(R15:R19) -> 0.0028527881 | T21: =_xlfn.STDEV.P(T15:T19) -> 0.00068527367 | U21: =_xlfn.STDEV.P(U15:U19) -> 0.00071721684 | W21: =_xlfn.STDEV.P(W15:W19) -> 0.0012009996 | X21: =_xlfn.STDEV.P(X15:X19) -> 0.0016809521 | Z21: =_xlfn.STDEV.P(Z15:Z19) -> 0.00030066593 | AA21: =_xlfn.STDEV.P(AA15:AA19) -> 0.00047159304 | AC21: =_xlfn.STDEV.P(AC15:AC19) -> 0.0015112908 | AD21: =_xlfn.STDEV.P(AD15:AD19) -> 0.0013754999 | AF21: =_xlfn.STDEV.P(AF15:AF19) -> 0.00070823725 | AG21: =_xlfn.STDEV.P(AG15:AG19) -> 0.0023726778
A22: SNR (dB) | E22: =20*LOG10(E20/E21) -> 39.866472 | F22: =20*LOG10(F20/F21) -> 37.335494 | K22: =20*LOG10(K20/K21) -> 59.218811 | L22: =20*LOG10(L20/L21) -> 48.407458 | N22: =20*LOG10(N20/N21) -> 53.959991 | O22: =20*LOG10(O20/O21) -> 47.367907 | Q22: =20*LOG10(Q20/Q21) -> 52.660501 | R22: =20*LOG10(R20/R21) -> 49.666405 | T22: =20*LOG10(T20/T21) -> 54.7499 | U22: =20*LOG10(U20/U21) -> 53.6474 | W22: =20*LOG10(W20/W21) -> 57.377793 | X22: =20*LOG10(X20/X21) -> 53.708634 | Z22: =20*LOG10(Z20/Z21) -> 61.887383 | AA22: =20*LOG10(AA20/AA21) -> 57.25578 | AC22: =20*LOG10(AC20/AC21) -> 55.346996 | AD22: =20*LOG10(AD20/AD21) -> 55.417629 | AF22: =20*LOG10(AF20/AF21) -> 54.456643 | AG22: =20*LOG10(AG20/AG21) -> 43.328806
A23: Valor simulado | E23: =(0.000528123)*2*1000 -> 1.056246 | F23: =(0.000527607)*2*1000 -> 1.055214 | K23: 0.9242 | L23: 0.9233 | N23: 0.132 | O23: 0.1319 | Q23: 0.9997 | R23: 0.9988 | T23: 0.3993 | U23: 0.3989 | W23: 0.9242 | X23: 0.9233 | Z23: 0.3993 | AA23: 0.3989 | AC23: 0.9242 | AD23: 0.9233 | AF23: 0.3993 | AG23: 0.3989
A24: Razao de amplitudes medido (V/I) | K24: =K20/$E$20 -> 0.59850505 | L24: =L20/$F$20 -> 0.7360892 | N24: =N20/$E$20 -> 0.073602694 | O24: =O20/$F$20 -> 0.091215665 | Q24: =Q20/$E$20 -> 0.63832997 | R24: =R20/$F$20 -> 0.78700027 | T24: =T20/$E$20 -> 0.25213468 | U24: =U20/$F$20 -> 0.31290001 | W24: =W20/$E$20 -> 0.59800673 | X24: =X20/$F$20 -> 0.73853685 | Z24: =Z20/$E$20 -> 0.25160943 | AA24: =AA20/$F$20 -> 0.31170338 | AC24: =AC20/$E$20 -> 0.5956229 | AD24: =AD20/$F$20 -> 0.73574472 | AF24: =AF20/$E$20 -> 0.25193266 | AG24: =AG20/$F$20 -> 0.31554709
A25: Razao de amplitudes simulado (V/I) | K25: =K23/$E$23 -> 0.87498556 | L25: =L23/$F$23 -> 0.87498839 | N25: =N23/$E$23 -> 0.12497089 | O25: =O23/$F$23 -> 0.12499834 | Q25: =Q23/$E$23 -> 0.94646512 | R25: =R23/$F$23 -> 0.94653786 | T25: =T23/$E$23 -> 0.37803693 | U25: =U23/$F$23 -> 0.37802758 | W25: =W23/$E$23 -> 0.87498556 | X25: =X23/$F$23 -> 0.87498839 | Z25: =Z23/$E$23 -> 0.37803693 | AA25: =AA23/$F$23 -> 0.37802758 | AC25: =AC23/$E$23 -> 0.87498556 | AD25: =AD23/$F$23 -> 0.87498839 | AF25: =AF23/$E$23 -> 0.37803693 | AG25: =AG23/$F$23 -> 0.37802758
A26: Acurácia | K26: =1-((ABS(K24-K25))/K25) -> 0.68401706 | L26: =1-((ABS(L24-L25))/L25) -> 0.84125596 | N26: =1-((ABS(N24-N25))/N25) -> 0.58895872 | O26: =1-((ABS(O24-O25))/O25) -> 0.729735 | Q26: =1-((ABS(Q24-Q25))/Q25) -> 0.6744358 | R26: =1-((ABS(R24-R25))/R25) -> 0.83145145 | T26: =1-((ABS(T24-T25))/T25) -> 0.66695779 | U26: =1-((ABS(U24-U25))/U25) -> 0.8277174 | W26: =1-((ABS(W24-W25))/W25) -> 0.68344754 | X26: =1-((ABS(X24-X25))/X25) -> 0.84405331 | Z26: =1-((ABS(Z24-Z25))/Z25) -> 0.66556837 | AA26: =1-((ABS(AA24-AA25))/AA25) -> 0.82455195 | AC26: =1-((ABS(AC24-AC25))/AC25) -> 0.68072311 | AD26: =1-((ABS(AD24-AD25))/AD25) -> 0.84086226 | AF26: =1-((ABS(AF24-AF25))/AF25) -> 0.6664234 | AG26: =1-((ABS(AG24-AG25))/AG25) -> 0.83471976
A27: E3 conectado ao I1 e E2 conectado ao terra
B28: {=_xlfn._xlws.FILTER('Dado Bruto'!A:AF, ('Dado Bruto'!A:A=7) + ('Dado Bruto'!A:A=27) + ('Dado Bruto'!A:A=47)+ ('Dado Bruto'!A:A=67)+ ('Dado Bruto'!A:A=87), "Não encontrado")} -> 7 | C28: -> | D28: E91 | E28: 1.4674 | F28: 1.0915 | G28: E92 | H28: 0 | I28: 0 | J28: E0 | K28: 0.1908 | L28: 0.1782 | M28: E1 | N28: 0.7047 | O28: 0.6418 | P28: E2 | Q28: 0.1128 | R28: 0.1044 | S28: E3 | T28: 0.8381 | U28: 0.7652 | V28: E4 | W28: 0.1902 | X28: 0.1757 | Y28: E5 | Z28: 0.7036 | AA28: 0.6396 | AB28: E6 | AC28: 0.1892 | AD28: 0.1748 | AE28: E7 | AF28: 0.7044 | AG28: 0.6375
B29: 27 | C29: -> | D29: E91 | E29: 1.5179 | F29: 1.0718 | G29: E92 | H29: 0 | I29: 0 | J29: E0 | K29: 0.2195 | L29: 0.2067 | M29: E1 | N29: 0.7039 | O29: 0.6414 | P29: E2 | Q29: 0.1135 | R29: 0.1042 | S29: E3 | T29: 0.8378 | U29: 0.7639 | V29: E4 | W29: 0.19 | X29: 0.1748 | Y29: E5 | Z29: 0.7038 | AA29: 0.637 | AB29: E6 | AC29: 0.1908 | AD29: 0.1725 | AE29: E7 | AF29: 0.6957 | AG29: 0.6159
B30: 47 | C30: -> | D30: E91 | E30: 1.5107 | F30: 1.0764 | G30: E92 | H30: 0 | I30: 0 | J30: E0 | K30: 0.1905 | L30: 0.179 | M30: E1 | N30: 0.7055 | O30: 0.6407 | P30: E2 | Q30: 0.1135 | R30: 0.1047 | S30: E3 | T30: 0.8352 | U30: 0.7646 | V30: E4 | W30: 0.19 | X30: 0.1757 | Y30: E5 | Z30: 0.7047 | AA30: 0.6396 | AB30: E6 | AC30: 0.1903 | AD30: 0.1741 | AE30: E7 | AF30: 0.7041 | AG30: 0.6352
B31: 67 | C31: -> | D31: E91 | E31: 1.4722 | F31: 1.1097 | G31: E92 | H31: 0 | I31: 0 | J31: E0 | K31: 0.1899 | L31: 0.1729 | M31: E1 | N31: 0.7064 | O31: 0.6352 | P31: E2 | Q31: 0.1117 | R31: 0.1032 | S31: E3 | T31: 0.8371 | U31: 0.7612 | V31: E4 | W31: 0.1905 | X31: 0.1757 | Y31: E5 | Z31: 0.7038 | AA31: 0.6388 | AB31: E6 | AC31: 0.19 | AD31: 0.1752 | AE31: E7 | AF31: 0.7042 | AG31: 0.6346
B32: 87 | C32: -> | D32: E91 | E32: 1.5085 | F32: 1.0731 | G32: E92 | H32: 0 | I32: 0 | J32: E0 | K32: 0.1906 | L32: 0.1787 | M32: E1 | N32: 0.7034 | O32: 0.6413 | P32: E2 | Q32: 0.1134 | R32: 0.1046 | S32: E3 | T32: 0.8375 | U32: 0.7648 | V32: E4 | W32: 0.1907 | X32: 0.1763 | Y32: E5 | Z32: 0.7046 | AA32: 0.6407 | AB32: E6 | AC32: 0.1897 | AD32: 0.1751 | AE32: E7 | AF32: 0.7057 | AG32: 0.6371
A33: Média | E33: =AVERAGE(E28:E32) -> 1.49534 | F33: =AVERAGE(F28:F32) -> 1.0845 | K33: =AVERAGE(K28:K32) -> 0.19626 | L33: =AVERAGE(L28:L32) -> 0.1831 | N33: =AVERAGE(N28:N32) -> 0.70478 | O33: =AVERAGE(O28:O32) -> 0.64008 | Q33: =AVERAGE(Q28:Q32) -> 0.11298 | R33: =AVERAGE(R28:R32) -> 0.10422 | T33: =AVERAGE(T28:T32) -> 0.83714 | U33: =AVERAGE(U28:U32) -> 0.76394 | W33: =AVERAGE(W28:W32) -> 0.19028 | X33: =AVERAGE(X28:X32) -> 0.17564 | Z33: =AVERAGE(Z28:Z32) -> 0.7041 | AA33: =AVERAGE(AA28:AA32) -> 0.63914 | AC33: =AVERAGE(AC28:AC32) -> 0.19 | AD33: =AVERAGE(AD28:AD32) -> 0.17434 | AF33: =AVERAGE(AF28:AF32) -> 0.70282 | AG33: =AVERAGE(AG28:AG32) -> 0.63206
A34: STD | E34: =_xlfn.STDEV.P(E28:E32) -> 0.021138458 | F34: =_xlfn.STDEV.P(F28:F32) -> 0.014428444 | K34: =_xlfn.STDEV.P(K28:K32) -> 0.011623872 | L34: =_xlfn.STDEV.P(L28:L32) -> 0.012009829 | N34: =_xlfn.STDEV.P(N28:N32) -> 0.0010796296 | O34: =_xlfn.STDEV.P(O28:O32) -> 0.0024652789 | Q34: =_xlfn.STDEV.P(Q28:Q32) -> 0.0006910861 | R34: =_xlfn.STDEV.P(R28:R32) -> 0.00053814496 | T34: =_xlfn.STDEV.P(T28:T32) -> 0.0010248902 | U34: =_xlfn.STDEV.P(U28:U32) -> 0.0014333178 | W34: =_xlfn.STDEV.P(W28:W32) -> 0.00027856777 | X34: =_xlfn.STDEV.P(X28:X32) -> 0.00048 | Z34: =_xlfn.STDEV.P(Z28:Z32) -> 0.00045607017 | AA34: =_xlfn.STDEV.P(AA28:AA32) -> 0.0012289833 | AC34: =_xlfn.STDEV.P(AC28:AC32) -> 0.00054037024 | AD34: =_xlfn.STDEV.P(AD28:AD32) -> 0.00099719607 | AF34: =_xlfn.STDEV.P(AF28:AF32) -> 0.0036063278 | AG34: =_xlfn.STDEV.P(AG28:AG32) -> 0.0081541646
A35: SNR (dB) | E35: =20*LOG10(E33/E34) -> 36.993333 | F35: =20*LOG10(F33/F34) -> 37.520201 | K35: =20*LOG10(K33/K34) -> 24.54962 | L35: =20*LOG10(L33/L34) -> 23.66303 | N35: =20*LOG10(N33/N34) -> 56.295576 | O35: =20*LOG10(O33/O34) -> 48.287364 | Q35: =20*LOG10(Q33/Q34) -> 44.269388 | R35: =20*LOG10(R33/R34) -> 45.741036 | T35: =20*LOG10(T33/T34) -> 58.242415 | U35: =20*LOG10(U33/U34) -> 54.534335 | W35: =20*LOG10(W33/W34) -> 56.689246 | X35: =20*LOG10(X33/X34) -> 51.267644 | Z35: =20*LOG10(Z33/Z34) -> 63.772054 | AA35: =20*LOG10(AA33/AA34) -> 54.321 | AC35: =20*LOG10(AC33/AC34) -> 50.921244 | AD35: =20*LOG10(AD33/AD34) -> 44.85233 | AF35: =20*LOG10(AF33/AF34) -> 45.795578 | AG35: =20*LOG10(AG33/AG34) -> 37.787577
A36: Valor simulado | E36: =(0.000528246)*2*1000 -> 1.056492 | F36: =(0.000527663)*2*1000 -> 1.055326 | K36: 0.2076 | L36: 0.2074 | N36: 0.7327 | O36: 0.7319 | Q36: 0.132 | R36: 0.1319 | T36: 0.8473 | U36: 0.8464 | W36: 0.2076 | X36: 0.2074 | Z36: 0.7327 | AA36: 0.7319 | AC36: 0.2076 | AD36: 0.2074 | AF36: 0.7327 | AG36: 0.7319
A37: Razao de amplitudes medido (V/I) | K37: =K33/$E$33 -> 0.13124774 | L37: =L33/$F$33 -> 0.16883356 | N37: =N33/$E$33 -> 0.47131756 | O37: =O33/$F$33 -> 0.59020747 | Q37: =Q33/$E$33 -> 0.075554723 | R37: =R33/$F$33 -> 0.096099585 | T37: =T33/$E$33 -> 0.55983255 | U37: =U33/$F$33 -> 0.70441678 | W37: =W33/$E$33 -> 0.12724865 | X37: =X33/$F$33 -> 0.16195482 | Z37: =Z33/$E$33 -> 0.47086281 | AA37: =AA33/$F$33 -> 0.58934071 | AC37: =AC33/$E$33 -> 0.1270614 | AD37: =AD33/$F$33 -> 0.16075611 | AF37: =AF33/$E$33 -> 0.47000682 | AG37: =AG33/$F$33 -> 0.58281236
A38: Razao de amplitudes simulado (V/I) | K38: =K36/$E$36 -> 0.19649936 | L38: =L36/$F$36 -> 0.19652695 | N38: =N36/$E$36 -> 0.69352158 | O38: =O36/$F$36 -> 0.69352977 | Q38: =Q36/$E$36 -> 0.12494179 | R38: =R36/$F$36 -> 0.12498508 | T38: =T36/$E$36 -> 0.80199377 | U38: =U36/$F$36 -> 0.80202705 | W38: =W36/$E$36 -> 0.19649936 | X38: =X36/$F$36 -> 0.19652695 | Z38: =Z36/$E$36 -> 0.69352158 | AA38: =AA36/$F$36 -> 0.69352977 | AC38: =AC36/$E$36 -> 0.19649936 | AD38: =AD36/$F$36 -> 0.19652695 | AF38: =AF36/$E$36 -> 0.69352158 | AG38: =AG36/$F$36 -> 0.69352977
A39: Acurácia | F39: =1-((ABS(F36-F33))/F33) -> 0.97309912 | K39: =1-((ABS(K37-K38))/K38) -> 0.66792963 | L39: =1-((ABS(L37-L38))/L38) -> 0.85908606 | N39: =1-((ABS(N37-N38))/N38) -> 0.67960043 | O39: =1-((ABS(O37-O38))/O38) -> 0.85101966 | Q39: =1-((ABS(Q37-Q38))/Q38) -> 0.6047194 | R39: =1-((ABS(R37-R38))/R38) -> 0.76888848 | T39: =1-((ABS(T37-T38))/T38) -> 0.69805099 | U39: =1-((ABS(U37-U38))/U38) -> 0.87829554 | W39: =1-((ABS(W37-W38))/W38) -> 0.64757795 | X39: =1-((ABS(X37-X38))/X38) -> 0.82408452 | Z39: =1-((ABS(Z37-Z38))/Z38) -> 0.67894472 | AA39: =1-((ABS(AA37-AA38))/AA38) -> 0.84976988 | AC39: =1-((ABS(AC37-AC38))/AC38) -> 0.64662503 | AD39: =1-((ABS(AD37-AD38))/AD38) -> 0.81798506 | AF39: =1-((ABS(AF37-AF38))/AF38) -> 0.67771045 | AG39: =1-((ABS(AG37-AG38))/AG38) -> 0.84035665
A41: E4 conectado ao I1 e E3 conectado ao terra
B42: {=_xlfn._xlws.FILTER('Dado Bruto'!A:AF, ('Dado Bruto'!A:A=9) + ('Dado Bruto'!A:A=29) + ('Dado Bruto'!A:A=49)+ ('Dado Bruto'!A:A=69)+ ('Dado Bruto'!A:A=89), "Não encontrado")} -> 9 | C42: -> | D42: E91 | E42: 1.507 | F42: 1.0882 | G42: E92 | H42: 0 | I42: 0 | J42: E0 | K42: 0.7556 | L42: 0.7014 | M42: E1 | N42: 0.2419 | O42: 0.2245 | P42: E2 | Q42: 0.7584 | R42: 0.6993 | S42: E3 | T42: 0.1102 | U42: 0.1028 | V42: E4 | W42: 0.8943 | X42: 0.83 | Y42: E5 | Z42: 0.2435 | AA42: 0.228 | AB42: E6 | AC42: 0.7582 | AD42: 0.6972 | AE42: E7 | AF42: 0.2441 | AG42: 0.2259
B43: 29 | C43: -> | D43: E91 | E43: 1.4634 | F43: 1.0962 | G43: E92 | H43: 0 | I43: 0 | J43: E0 | K43: 0.7555 | L43: 0.7018 | M43: E1 | N43: 0.2413 | O43: 0.2266 | P43: E2 | Q43: 0.7563 | R43: 0.6996 | S43: E3 | T43: 0.1097 | U43: 0.1027 | V43: E4 | W43: 0.8997 | X43: 0.8343 | Y43: E5 | Z43: 0.2433 | AA43: 0.2276 | AB43: E6 | AC43: 0.7563 | AD43: 0.7012 | AE43: E7 | AF43: 0.2434 | AG43: 0.231
B44: 49 | C44: -> | D44: E91 | E44: 1.4673 | F44: 1.0921 | G44: E92 | H44: 0 | I44: 0 | J44: E0 | K44: 0.7566 | L44: 0.6978 | M44: E1 | N44: 0.2446 | O44: 0.2237 | P44: E2 | Q44: 0.7564 | R44: 0.6998 | S44: E3 | T44: 0.1089 | U44: 0.1026 | V44: E4 | W44: 0.8974 | X44: 0.83 | Y44: E5 | Z44: 0.243 | AA44: 0.2276 | AB44: E6 | AC44: 0.7567 | AD44: 0.6975 | AE44: E7 | AF44: 0.2449 | AG44: 0.2315
B45: 69 | C45: -> | D45: E91 | E45: 1.5119 | F45: 1.077 | G45: E92 | H45: 0 | I45: 0 | J45: E0 | K45: 0.7585 | L45: 0.7029 | M45: E1 | N45: 0.243 | O45: 0.2272 | P45: E2 | Q45: 0.7569 | R45: 0.7013 | S45: E3 | T45: 0.1101 | U45: 0.1033 | V45: E4 | W45: 0.8939 | X45: 0.8294 | Y45: E5 | Z45: 0.2436 | AA45: 0.2272 | AB45: E6 | AC45: 0.7567 | AD45: 0.7007 | AE45: E7 | AF45: 0.2428 | AG45: 0.232
B46: 89 | C46: -> | D46: E91 | E46: 1.5132 | F46: 1.0736 | G46: E92 | H46: 0 | I46: 0 | J46: E0 | K46: 0.7591 | L46: 0.7034 | M46: E1 | N46: 0.2437 | O46: 0.2275 | P46: E2 | Q46: 0.7565 | R46: 0.7013 | S46: E3 | T46: 0.11 | U46: 0.1033 | V46: E4 | W46: 0.8979 | X46: 0.8346 | Y46: E5 | Z46: 0.2456 | AA46: 0.2297 | AB46: E6 | AC46: 0.7568 | AD46: 0.6968 | AE46: E7 | AF46: 0.2409 | AG46: 0.2197
A47: Média | E47: =AVERAGE(E42:E46) -> 1.49256 | F47: =AVERAGE(F42:F46) -> 1.08542 | K47: =AVERAGE(K42:K46) -> 0.75706 | L47: =AVERAGE(L42:L46) -> 0.70146 | N47: =AVERAGE(N42:N46) -> 0.2429 | O47: =AVERAGE(O42:O46) -> 0.2259 | Q47: =AVERAGE(Q42:Q46) -> 0.7569 | R47: =AVERAGE(R42:R46) -> 0.70026 | T47: =AVERAGE(T42:T46) -> 0.10978 | U47: =AVERAGE(U42:U46) -> 0.10294 | W47: =AVERAGE(W42:W46) -> 0.89664 | X47: =AVERAGE(X42:X46) -> 0.83166 | Z47: =AVERAGE(Z42:Z46) -> 0.2438 | AA47: =AVERAGE(AA42:AA46) -> 0.22802 | AC47: =AVERAGE(AC42:AC46) -> 0.75694 | AD47: =AVERAGE(AD42:AD46) -> 0.69868 | AF47: =AVERAGE(AF42:AF46) -> 0.24322 | AG47: =AVERAGE(AG42:AG46) -> 0.22802
A48: STD | E48: =_xlfn.STDEV.P(E42:E46) -> 0.022346955 | F48: =_xlfn.STDEV.P(F42:F46) -> 0.008708249 | K48: =_xlfn.STDEV.P(K42:K46) -> 0.0014840485 | L48: =_xlfn.STDEV.P(L42:L46) -> 0.0019673332 | N48: =_xlfn.STDEV.P(N42:N46) -> 0.0011916375 | O48: =_xlfn.STDEV.P(O42:O46) -> 0.0015192103 | Q48: =_xlfn.STDEV.P(Q42:Q46) -> 0.00077717437 | R48: =_xlfn.STDEV.P(R42:R46) -> 0.00086394444 | T48: =_xlfn.STDEV.P(T42:T46) -> 0.00047074409 | U48: =_xlfn.STDEV.P(U42:U46) -> 0.00030066593 | W48: =_xlfn.STDEV.P(W42:W46) -> 0.0022141364 | X48: =_xlfn.STDEV.P(X42:X46) -> 0.0022905021 | Z48: =_xlfn.STDEV.P(Z42:Z46) -> 0.00092303846 | AA48: =_xlfn.STDEV.P(AA42:AA46) -> 0.00087726849 | AC48: =_xlfn.STDEV.P(AC42:AC46) -> 0.00065299311 | AD48: =_xlfn.STDEV.P(AD42:AD46) -> 0.0018733926 | AF48: =_xlfn.STDEV.P(AF42:AF46) -> 0.0013555811 | AG48: =_xlfn.STDEV.P(AG42:AG46) -> 0.0047020846
A49: SNR (dB) | E49: =20*LOG10(E47/E48) -> 36.494269 | F49: =20*LOG10(F47/F48) -> 41.91334 | K49: =20*LOG10(K47/K48) -> 54.153644 | L49: =20*LOG10(L47/L48) -> 51.0425 | N49: =20*LOG10(N47/N48) -> 46.185667 | O49: =20*LOG10(O47/O48) -> 43.445967 | Q49: =20*LOG10(Q47/Q48) -> 59.770401 | R49: =20*LOG10(R47/R48) -> 58.17547 | T49: =20*LOG10(T47/T48) -> 47.354767 | U49: =20*LOG10(U47/U48) -> 50.689999 | W49: =20*LOG10(W47/W48) -> 52.148275 | X49: =20*LOG10(X47/X48) -> 51.200302 | Z49: =20*LOG10(Z47/Z48) -> 48.436278 | AA49: =20*LOG10(AA47/AA48) -> 48.296808 | AC49: =20*LOG10(AC47/AC48) -> 61.283057 | AD49: =20*LOG10(AD47/AD48) -> 51.43299 | AF49: =20*LOG10(AF47/AF48) -> 45.077476 | AG49: =20*LOG10(AG47/AG48) -> 33.71365
A50: Valor simulado | E50: =(0.000528195)*2*1000 -> 1.05639 | F50: =(0.000527641)*2*1000 -> 1.055282 | K50: 0.7717 | L50: 0.7709 | N50: 0.2467 | O50: 0.2464 | Q50: 0.7717 | R50: 0.7709 | T50: 0.132 | U50: 0.1319 | W50: 0.9096 | X50: 0.9086 | Z50: 0.2467 | AA50: 0.2464 | AC50: 0.7717 | AD50: 0.7709 | AF50: 0.2467 | AG50: 0.2464
A51: Razao de amplitudes medido (V/I) | K51: =K47/$E$47 -> 0.50722249 | L51: =L47/$F$47 -> 0.64625675 | N51: =N47/$E$47 -> 0.16274053 | O51: =O47/$F$47 -> 0.2081222 | Q51: =Q47/$E$47 -> 0.50711529 | R51: =R47/$F$47 -> 0.64515119 | T51: =T47/$E$47 -> 0.073551482 | U51: =U47/$F$47 -> 0.094838864 | W51: =W47/$E$47 -> 0.60073967 | X51: =X47/$F$47 -> 0.76621031 | Z51: =Z47/$E$47 -> 0.16334352 | AA51: =AA47/$F$47 -> 0.21007536 | AC51: =AC47/$E$47 -> 0.50714209 | AD51: =AD47/$F$47 -> 0.64369553 | AF51: =AF47/$E$47 -> 0.16295492 | AG51: =AG47/$F$47 -> 0.21007536
A52: Razao de amplitudes simulado (V/I) | K52: =K50/$E$50 -> 0.73050673 | L52: =L50/$F$50 -> 0.73051563 | N52: =N50/$E$50 -> 0.23353118 | O52: =O50/$F$50 -> 0.23349209 | Q52: =Q50/$E$50 -> 0.73050673 | R52: =R50/$F$50 -> 0.73051563 | T52: =T50/$E$50 -> 0.12495385 | U52: =U50/$F$50 -> 0.12499029 | W52: =W50/$E$50 -> 0.86104564 | X52: =X50/$F$50 -> 0.86100208 | Z52: =Z50/$E$50 -> 0.23353118 | AA52: =AA50/$F$50 -> 0.23349209 | AC52: =AC50/$E$50 -> 0.73050673 | AD52: =AD50/$F$50 -> 0.73051563 | AF52: =AF50/$E$50 -> 0.23353118 | AG52: =AG50/$F$50 -> 0.23349209
A53: Acurácia | F53: =1-((ABS(F50-F47))/F47) -> 0.97223379 | K53: =1-((ABS(K51-K52))/K52) -> 0.69434335 | L53: =1-((ABS(L51-L52))/L52) -> 0.88465834 | N53: =1-((ABS(N51-N52))/N52) -> 0.69686852 | O53: =1-((ABS(O51-O52))/O52) -> 0.89134583 | Q53: =1-((ABS(Q51-Q52))/Q52) -> 0.69419661 | R53: =1-((ABS(R51-R52))/R52) -> 0.88314494 | T53: =1-((ABS(T51-T52))/T52) -> 0.58862917 | U53: =1-((ABS(U51-U52))/U52) -> 0.75876987 | W53: =1-((ABS(W51-W52))/W52) -> 0.69768621 | X53: =1-((ABS(X51-X52))/X52) -> 0.8899053 | Z53: =1-((ABS(Z51-Z52))/Z52) -> 0.69945058 | AA53: =1-((ABS(AA51-AA52))/AA52) -> 0.89971083 | AC53: =1-((ABS(AC51-AC52))/AC52) -> 0.6942333 | AD53: =1-((ABS(AD51-AD52))/AD52) -> 0.88115229 | AF53: =1-((ABS(AF51-AF52))/AF52) -> 0.69778659 | AG53: =1-((ABS(AG51-AG52))/AG52) -> 0.89971083
A55: E5 conectado ao I1 e E4 conectado ao terra
B56: {=_xlfn._xlws.FILTER('Dado Bruto'!A:AF, ('Dado Bruto'!A:A=11) + ('Dado Bruto'!A:A=31) + ('Dado Bruto'!A:A=51)+ ('Dado Bruto'!A:A=71)+ ('Dado Bruto'!A:A=91), "Não encontrado")} -> 11 | C56: -> | D56: E91 | E56: 1.5108 | F56: 1.0771 | G56: E92 | H56: 0 | I56: 0 | J56: E0 | K56: 0.2468 | L56: 0.2277 | M56: E1 | N56: 0.7605 | O56: 0.6842 | P56: E2 | Q56: 0.2452 | R56: 0.2237 | S56: E3 | T56: 0.7617 | U56: 0.6863 | V56: E4 | W56: 0.1059 | X56: 0.0963 | Y56: E5 | Z56: 0.9782 | AA56: 0.8845 | AB56: E6 | AC56: 0.2461 | AD56: 0.2244 | AE56: E7 | AF56: 0.761 | AG56: 0.6819
B57: 31 | C57: -> | D57: E91 | E57: 1.5126 | F57: 1.0782 | G57: E92 | H57: 0 | I57: 0 | J57: E0 | K57: 0.2469 | L57: 0.2279 | M57: E1 | N57: 0.7607 | O57: 0.6858 | P57: E2 | Q57: 0.2452 | R57: 0.2255 | S57: E3 | T57: 0.7611 | U57: 0.688 | V57: E4 | W57: 0.1065 | X57: 0.0972 | Y57: E5 | Z57: 0.9801 | AA57: 0.8837 | AB57: E6 | AC57: 0.2456 | AD57: 0.2253 | AE57: E7 | AF57: 0.7606 | AG57: 0.6817
B58: 51 | C58: -> | D58: E91 | E58: 1.4737 | F58: 1.0944 | G58: E92 | H58: 0 | I58: 0 | J58: E0 | K58: 0.2471 | L58: 0.227 | M58: E1 | N58: 0.7608 | O58: 0.6852 | P58: E2 | Q58: 0.2458 | R58: 0.2242 | S58: E3 | T58: 0.7608 | U58: 0.6868 | V58: E4 | W58: 0.1065 | X58: 0.0973 | Y58: E5 | Z58: 0.9817 | AA58: 0.8885 | AB58: E6 | AC58: 0.2459 | AD58: 0.2237 | AE58: E7 | AF58: 0.7596 | AG58: 0.6822
B59: 71 | C59: -> | D59: E91 | E59: 1.4884 | F59: 1.0806 | G59: E92 | H59: 0 | I59: 0 | J59: E0 | K59: 0.2461 | L59: 0.2271 | M59: E1 | N59: 0.759 | O59: 0.6826 | P59: E2 | Q59: 0.2437 | R59: 0.2213 | S59: E3 | T59: 0.7589 | U59: 0.6708 | V59: E4 | W59: 0.1067 | X59: 0.0927 | Y59: E5 | Z59: 0.9695 | AA59: 0.8609 | AB59: E6 | AC59: 0.2444 | AD59: 0.2167 | AE59: E7 | AF59: 0.7493 | AG59: 0.6551
B60: 91 | C60: -> | D60: E91 | E60: 1.4654 | F60: 1.0953 | G60: E92 | H60: 0 | I60: 0 | J60: E0 | K60: 0.249 | L60: 0.2204 | M60: E1 | N60: 0.7531 | O60: 0.6649 | P60: E2 | Q60: 0.2451 | R60: 0.2123 | S60: E3 | T60: 0.7563 | U60: 0.6645 | V60: E4 | W60: 0.1046 | X60: 0.0953 | Y60: E5 | Z60: 0.9627 | AA60: 0.8815 | AB60: E6 | AC60: 0.2402 | AD60: 0.2209 | AE60: E7 | AF60: 0.7559 | AG60: 0.6633
A61: Média | E61: =AVERAGE(E56:E60) -> 1.49018 | F61: =AVERAGE(F56:F60) -> 1.08512 | K61: =AVERAGE(K56:K60) -> 0.24718 | L61: =AVERAGE(L56:L60) -> 0.22602 | N61: =AVERAGE(N56:N60) -> 0.75882 | O61: =AVERAGE(O56:O60) -> 0.68054 | Q61: =AVERAGE(Q56:Q60) -> 0.245 | R61: =AVERAGE(R56:R60) -> 0.2214 | T61: =AVERAGE(T56:T60) -> 0.75976 | U61: =AVERAGE(U56:U60) -> 0.67928 | W61: =AVERAGE(W56:W60) -> 0.10604 | X61: =AVERAGE(X56:X60) -> 0.09576 | Z61: =AVERAGE(Z56:Z60) -> 0.97444 | AA61: =AVERAGE(AA56:AA60) -> 0.87982 | AC61: =AVERAGE(AC56:AC60) -> 0.24444 | AD61: =AVERAGE(AD56:AD60) -> 0.2222 | AF61: =AVERAGE(AF56:AF60) -> 0.75728 | AG61: =AVERAGE(AG56:AG60) -> 0.67284
A62: STD | E62: =_xlfn.STDEV.P(E56:E60) -> 0.019061207 | F62: =_xlfn.STDEV.P(F56:F60) -> 0.0080297945 | K62: =_xlfn.STDEV.P(K56:K60) -> 0.00097036076 | L62: =_xlfn.STDEV.P(L56:L60) -> 0.0028308303 | N62: =_xlfn.STDEV.P(N56:N60) -> 0.0029335303 | O62: =_xlfn.STDEV.P(O56:O60) -> 0.0078947071 | Q62: =_xlfn.STDEV.P(Q56:Q60) -> 0.00069570109 | R62: =_xlfn.STDEV.P(R56:R60) -> 0.0047488946 | T62: =_xlfn.STDEV.P(T56:T60) -> 0.0019673332 | U62: =_xlfn.STDEV.P(U56:U60) -> 0.0097183126 | W62: =_xlfn.STDEV.P(W56:W60) -> 0.00076837491 | X62: =_xlfn.STDEV.P(X56:X60) -> 0.0016918629 | Z62: =_xlfn.STDEV.P(Z56:Z60) -> 0.0072265068 | AA62: =_xlfn.STDEV.P(AA56:AA60) -> 0.0097271579 | AC62: =_xlfn.STDEV.P(AC56:AC60) -> 0.0022005454 | AD62: =_xlfn.STDEV.P(AD56:AD60) -> 0.0031189742 | AF62: =_xlfn.STDEV.P(AF56:AF60) -> 0.0043778534 | AG62: =_xlfn.STDEV.P(AG56:AG60) -> 0.011436013
A63: SNR (dB) | E63: =20*LOG10(E61/E62) -> 37.861767 | F63: =20*LOG10(F61/F62) -> 42.615467 | K63: =20*LOG10(K61/K62) -> 48.121602 | L63: =20*LOG10(L61/L62) -> 38.044661 | N63: =20*LOG10(N61/N62) -> 48.254964 | O63: =20*LOG10(O61/O62) -> 38.710353 | Q63: =20*LOG10(Q61/Q62) -> 50.934868 | R63: =20*LOG10(R61/R62) -> 33.371702 | T63: =20*LOG10(T61/T62) -> 51.73597 | U63: =20*LOG10(U61/U62) -> 36.889159 | W63: =20*LOG10(W61/W62) -> 42.797931 | X63: =20*LOG10(X61/X62) -> 35.05638 | Z63: =20*LOG10(Z61/Z62) -> 42.596534 | AA63: =20*LOG10(AA61/AA62) -> 39.128157 | AC63: =20*LOG10(AC61/AC62) -> 40.912839 | AD63: =20*LOG10(AD61/AD62) -> 37.054645 | AF63: =20*LOG10(AF61/AF62) -> 44.759906 | AG63: =20*LOG10(AG61/AG62) -> 35.392743
A64: Valor simulado | E64: =(0.000528089)*2*1000 -> 1.056178 | F64: =(0.000527594)*2*1000 -> 1.055188 | K64: 0.2698 | L64: 0.2696 | N64: 0.7948 | O64: 0.794 | Q64: 0.2698 | R64: 0.2696 | T64: 0.7948 | U64: 0.794 | W64: 0.132 | X64: 0.1319 | Z64: 1.0409 | AA64: 1.0399 | AC64: 0.2698 | AD64: 0.2696 | AF64: 0.7948 | AG64: 0.794
A65: Razao de amplitudes medido (V/I) | K65: =K61/$E$61 -> 0.16587258 | L65: =L61/$F$61 -> 0.20829033 | N65: =N61/$E$61 -> 0.50921365 | O65: =O61/$F$61 -> 0.62715644 | Q65: =Q61/$E$61 -> 0.16440967 | R65: =R61/$F$61 -> 0.20403273 | T65: =T61/$E$61 -> 0.50984445 | U65: =U61/$F$61 -> 0.62599528 | W65: =W61/$E$61 -> 0.071159189 | X65: =X61/$F$61 -> 0.088248304 | Z65: =Z61/$E$61 -> 0.65390758 | AA65: =AA61/$F$61 -> 0.81080434 | AC65: =AC61/$E$61 -> 0.16403388 | AD65: =AD61/$F$61 -> 0.20476998 | AF65: =AF61/$E$61 -> 0.50818022 | AG65: =AG61/$F$61 -> 0.62006045
A66: Razao de amplitudes simulado (V/I) | K66: =K64/$E$64 -> 0.25544937 | L66: =L64/$F$64 -> 0.25549949 | N66: =N64/$E$64 -> 0.75252467 | O66: =O64/$F$64 -> 0.75247255 | Q66: =Q64/$E$64 -> 0.25544937 | R66: =R64/$F$64 -> 0.25549949 | T66: =T64/$E$64 -> 0.75252467 | U66: =U64/$F$64 -> 0.75247255 | W66: =W64/$E$64 -> 0.12497893 | X66: =X64/$F$64 -> 0.12500142 | Z66: =Z64/$E$64 -> 0.98553464 | AA66: =AA64/$F$64 -> 0.98551159 | AC66: =AC64/$E$64 -> 0.25544937 | AD66: =AD64/$F$64 -> 0.25549949 | AF66: =AF64/$E$64 -> 0.75252467 | AG66: =AG64/$F$64 -> 0.75247255
A67: Acurácia | K67: =1-((ABS(K65-K66))/K66) -> 0.64933643 | L67: =1-((ABS(L65-L66))/L66) -> 0.81522794 | N67: =1-((ABS(N65-N66))/N66) -> 0.6766737 | O67: =1-((ABS(O65-O66))/O66) -> 0.8334609 | Q67: =1-((ABS(Q65-Q66))/Q66) -> 0.64360962 | R67: =1-((ABS(R65-R66))/R66) -> 0.79856414 | T67: =1-((ABS(T65-T66))/T66) -> 0.67751194 | U67: =1-((ABS(U65-U66))/U66) -> 0.83191777 | W67: =1-((ABS(W65-W66))/W66) -> 0.56936947 | X67: =1-((ABS(X65-X66))/X66) -> 0.70597841 | Z67: =1-((ABS(Z65-Z66))/Z66) -> 0.66350543 | AA67: =1-((ABS(AA65-AA66))/AA66) -> 0.8227243 | AC67: =1-((ABS(AC65-AC66))/AC66) -> 0.64213851 | AD67: =1-((ABS(AD65-AD66))/AD66) -> 0.80144965 | AF67: =1-((ABS(AF65-AF66))/AF66) -> 0.67530041 | AG67: =1-((ABS(AG65-AG66))/AG66) -> 0.82403067
A69: E6 conectado ao I1 e E5 conectado ao terra
B70: {=_xlfn._xlws.FILTER('Dado Bruto'!A:AF, ('Dado Bruto'!A:A=13) + ('Dado Bruto'!A:A=33) + ('Dado Bruto'!A:A=53)+ ('Dado Bruto'!A:A=73)+ ('Dado Bruto'!A:A=93), "Não encontrado")} -> 13 | C70: -> | D70: E91 | E70: 1.5157 | F70: 1.0797 | G70: E92 | H70: 0 | I70: 0 | J70: E0 | K70: 0.8622 | L70: 0.7944 | M70: E1 | N70: 0.3508 | O70: 0.3253 | P70: E2 | Q70: 0.8609 | R70: 0.7917 | S70: E3 | T70: 0.3468 | U70: 0.3211 | V70: E4 | W70: 0.8623 | X70: 0.7953 | Y70: E5 | Z70: 0.1065 | AA70: 0.0989 | AB70: E6 | AC70: 0.9092 | AD70: 0.8381 | AE70: E7 | AF70: 0.3475 | AG70: 0.326
B71: 33 | C71: -> | D71: E91 | E71: 1.4774 | F71: 1.1154 | G71: E92 | H71: 0 | I71: 0 | J71: E0 | K71: 0.8626 | L71: 0.793 | M71: E1 | N71: 0.3384 | O71: 0.3141 | P71: E2 | Q71: 0.8573 | R71: 0.7892 | S71: E3 | T71: 0.3478 | U71: 0.3224 | V71: E4 | W71: 0.8624 | X71: 0.794 | Y71: E5 | Z71: 0.1064 | AA71: 0.0985 | AB71: E6 | AC71: 0.9085 | AD71: 0.8346 | AE71: E7 | AF71: 0.3465 | AG71: 0.3198
B72: 53 | C72: -> | D72: E91 | E72: 1.4664 | F72: 1.1195 | G72: E92 | H72: 0 | I72: 0 | J72: E0 | K72: 0.8634 | L72: 0.7941 | M72: E1 | N72: 0.346 | O72: 0.3221 | P72: E2 | Q72: 0.861 | R72: 0.7926 | S72: E3 | T72: 0.3507 | U72: 0.3225 | V72: E4 | W72: 0.8622 | X72: 0.7941 | Y72: E5 | Z72: 0.1059 | AA72: 0.0955 | AB72: E6 | AC72: 0.9079 | AD72: 0.8344 | AE72: E7 | AF72: 0.3466 | AG72: 0.3102
B73: 73 | C73: -> | D73: E91 | E73: 1.4997 | F73: 1.1026 | G73: E92 | H73: 0 | I73: 0 | J73: E0 | K73: 0.8568 | L73: 0.7884 | M73: E1 | N73: 0.3471 | O73: 0.3219 | P73: E2 | Q73: 0.8598 | R73: 0.7924 | S73: E3 | T73: 0.3471 | U73: 0.3226 | V73: E4 | W73: 0.8625 | X73: 0.7951 | Y73: E5 | Z73: 0.1065 | AA73: 0.0987 | AB73: E6 | AC73: 0.9092 | AD73: 0.8366 | AE73: E7 | AF73: 0.35 | AG73: 0.3266
B74: 93 | C74: -> | D74: E91 | E74: 1.4682 | F74: 1.103 | G74: E92 | H74: 0 | I74: 0 | J74: E0 | K74: 0.8585 | L74: 0.79 | M74: E1 | N74: 0.3463 | O74: 0.3187 | P74: E2 | Q74: 0.8579 | R74: 0.7915 | S74: E3 | T74: 0.3474 | U74: 0.3195 | V74: E4 | W74: 0.863 | X74: 0.7944 | Y74: E5 | Z74: 0.1064 | AA74: 0.0982 | AB74: E6 | AC74: 0.9075 | AD74: 0.8363 | AE74: E7 | AF74: 0.3494 | AG74: 0.3253
A75: Média | E75: =AVERAGE(E70:E74) -> 1.48548 | F75: =AVERAGE(F70:F74) -> 1.10404 | K75: =AVERAGE(K70:K74) -> 0.8607 | L75: =AVERAGE(L70:L74) -> 0.79198 | N75: =AVERAGE(N70:N74) -> 0.34572 | O75: =AVERAGE(O70:O74) -> 0.32042 | Q75: =AVERAGE(Q70:Q74) -> 0.85938 | R75: =AVERAGE(R70:R74) -> 0.79148 | T75: =AVERAGE(T70:T74) -> 0.34796 | U75: =AVERAGE(U70:U74) -> 0.32162 | W75: =AVERAGE(W70:W74) -> 0.86248 | X75: =AVERAGE(X70:X74) -> 0.79458 | Z75: =AVERAGE(Z70:Z74) -> 0.10634 | AA75: =AVERAGE(AA70:AA74) -> 0.09796 | AC75: =AVERAGE(AC70:AC74) -> 0.90846 | AD75: =AVERAGE(AD70:AD74) -> 0.836 | AF75: =AVERAGE(AF70:AF74) -> 0.348 | AG75: =AVERAGE(AG70:AG74) -> 0.32158
A76: STD | E76: =_xlfn.STDEV.P(E70:E74) -> 0.019200979 | F76: =_xlfn.STDEV.P(F70:F74) -> 0.013882737 | K76: =_xlfn.STDEV.P(K70:K74) -> 0.0025768197 | L76: =_xlfn.STDEV.P(L70:L74) -> 0.0023718347 | N76: =_xlfn.STDEV.P(N70:N74) -> 0.0040424745 | O76: =_xlfn.STDEV.P(O70:O74) -> 0.0037875586 | Q76: =_xlfn.STDEV.P(Q70:Q74) -> 0.0015249918 | R76: =_xlfn.STDEV.P(R70:R74) -> 0.0012122706 | T76: =_xlfn.STDEV.P(T70:T74) -> 0.001409397 | U76: =_xlfn.STDEV.P(U70:U74) -> 0.0011923087 | W76: =_xlfn.STDEV.P(W70:W74) -> 0.00027856777 | X76: =_xlfn.STDEV.P(X70:X74) -> 0.00052687759 | Z76: =_xlfn.STDEV.P(Z70:Z74) -> 0.00022449944 | AA76: =_xlfn.STDEV.P(AA70:AA74) -> 0.001251559 | AC76: =_xlfn.STDEV.P(AC70:AC74) -> 0.00068293484 | AD76: =_xlfn.STDEV.P(AD70:AD74) -> 0.0013696715 | AF76: =_xlfn.STDEV.P(AF70:AF74) -> 0.0014436066 | AG76: =_xlfn.STDEV.P(AG70:AG74) -> 0.0061846261
A77: SNR (dB) | E77: =20*LOG10(E75/E76) -> 37.770869 | F77: =20*LOG10(F75/F76) -> 38.010194 | K77: =20*LOG10(K75/K76) -> 50.475355 | L77: =20*LOG10(L75/L76) -> 50.472596 | N77: =20*LOG10(N75/N76) -> 38.641544 | O77: =20*LOG10(O75/O76) -> 38.547205 | Q77: =20*LOG10(Q75/Q76) -> 55.018355 | R77: =20*LOG10(R75/R76) -> 56.296807 | T77: =20*LOG10(T75/T76) -> 47.849919 | U77: =20*LOG10(U75/U76) -> 48.619087 | W77: =20*LOG10(W75/W76) -> 69.816363 | X77: =20*LOG10(X75/X76) -> 63.568558 | Z77: =20*LOG10(Z75/Z76) -> 53.509628 | AA77: =20*LOG10(AA75/AA76) -> 37.871949 | AC77: =20*LOG10(AC75/AC76) -> 62.478531 | AD77: =20*LOG10(AD75/AD76) -> 55.711797 | AF77: =20*LOG10(AF75/AF76) -> 47.642608 | AG77: =20*LOG10(AG75/AG76) -> 34.319512
A78: Valor simulado | E78: =(0.000528159)*2*1000 -> 1.056318 | F78: =(0.000527625)*2*1000 -> 1.05525 | K78: 0.9032 | L78: 0.9022 | N78: 0.3782 | O78: 0.3778 | Q78: 0.9032 | R78: 0.9022 | T78: 0.3782 | U78: 0.3778 | W78: 0.9032 | X78: 0.9022 | Z78: 0.132 | AA78: 0.1319 | AC78: 0.9544 | AD78: 0.9534 | AF78: 0.3782 | AG78: 0.3778
A79: Razao de amplitudes medido (V/I) | K79: =K75/$E$75 -> 0.57940868 | L79: =L75/$F$75 -> 0.7173472 | N79: =N75/$E$75 -> 0.23273285 | O79: =O75/$F$75 -> 0.29022499 | Q79: =Q75/$E$75 -> 0.57852007 | R79: =R75/$F$75 -> 0.71689432 | T79: =T75/$E$75 -> 0.23424078 | U79: =U75/$F$75 -> 0.29131191 | W79: =W75/$E$75 -> 0.58060694 | X79: =X75/$F$75 -> 0.71970218 | Z79: =Z75/$E$75 -> 0.071586289 | AA79: =AA75/$F$75 -> 0.088728669 | AC79: =AC75/$E$75 -> 0.6115599 | AD79: =AD75/$F$75 -> 0.75721894 | AF79: =AF75/$E$75 -> 0.23426771 | AG79: =AG75/$F$75 -> 0.29127568
A80: Razao de amplitudes simulado (V/I) | K80: =K78/$E$78 -> 0.85504554 | L80: =L78/$F$78 -> 0.85496328 | N80: =N78/$E$78 -> 0.35803612 | O80: =O78/$F$78 -> 0.35801943 | Q80: =Q78/$E$78 -> 0.85504554 | R80: =R78/$F$78 -> 0.85496328 | T80: =T78/$E$78 -> 0.35803612 | U80: =U78/$F$78 -> 0.35801943 | W80: =W78/$E$78 -> 0.85504554 | X80: =X78/$F$78 -> 0.85496328 | Z80: =Z78/$E$78 -> 0.12496237 | AA80: =AA78/$F$78 -> 0.12499408 | AC80: =AC78/$E$78 -> 0.9035158 | AD80: =AD78/$F$78 -> 0.90348259 | AF80: =AF78/$E$78 -> 0.35803612 | AG80: =AG78/$F$78 -> 0.35801943
A81: Acurácia | F81: =1-((ABS(F78-F75))/F75) -> 0.95580776 | K81: =1-((ABS(K79-K80))/K80) -> 0.67763487 | L81: =1-((ABS(L79-L80))/L80) -> 0.83903861 | N81: =1-((ABS(N79-N80))/N80) -> 0.65002618 | O81: =1-((ABS(O79-O80))/O80) -> 0.81064035 | Q81: =1-((ABS(Q79-Q80))/Q80) -> 0.67659562 | R81: =1-((ABS(R79-R80))/R80) -> 0.8385089 | T81: =1-((ABS(T79-T80))/T80) -> 0.65423785 | U81: =1-((ABS(U79-U80))/U80) -> 0.81367626 | W81: =1-((ABS(W79-W80))/W80) -> 0.67903628 | X81: =1-((ABS(X79-X80))/X80) -> 0.8417931 | Z81: =1-((ABS(Z79-Z80))/Z80) -> 0.57286277 | AA81: =1-((ABS(AA79-AA80))/AA80) -> 0.70986299 | AC81: =1-((ABS(AC79-AC80))/AC80) -> 0.67686686 | AD81: =1-((ABS(AD79-AD80))/AD80) -> 0.83811127 | AF81: =1-((ABS(AF79-AF80))/AF80) -> 0.65431306 | AG81: =1-((ABS(AG79-AG80))/AG80) -> 0.81357507
A83: E7 conectado ao I1 e E6 conectado ao terra
B84: {=_xlfn._xlws.FILTER('Dado Bruto'!A:AF, ('Dado Bruto'!A:A=15) + ('Dado Bruto'!A:A=35) + ('Dado Bruto'!A:A=55)+ ('Dado Bruto'!A:A=75)+ ('Dado Bruto'!A:A=95), "Não encontrado")} -> 15 | C84: -> | D84: E91 | E84: 1.4926 | F84: 1.0851 | G84: E92 | H84: 0 | I84: 0 | J84: E0 | K84: 0.1583 | L84: 0.1514 | M84: E1 | N84: 0.6709 | O84: 0.5905 | P84: E2 | Q84: 0.1585 | R84: 0.1428 | S84: E3 | T84: 0.6729 | U84: 0.593 | V84: E4 | W84: 0.1601 | X84: 0.1424 | Y84: E5 | Z84: 0.6723 | AA84: 0.5952 | AB84: E6 | AC84: 0.1076 | AD84: 0.0968 | AE84: E7 | AF84: 0.997 | AG84: 0.8806
B85: 35 | C85: -> | D85: E91 | E85: 1.4977 | F85: 1.0867 | G85: E92 | H85: 0 | I85: 0 | J85: E0 | K85: 0.1583 | L85: 0.1511 | M85: E1 | N85: 0.6727 | O85: 0.5964 | P85: E2 | Q85: 0.1588 | R85: 0.1429 | S85: E3 | T85: 0.6751 | U85: 0.5887 | V85: E4 | W85: 0.1601 | X85: 0.1422 | Y85: E5 | Z85: 0.6729 | AA85: 0.5892 | AB85: E6 | AC85: 0.1076 | AD85: 0.0962 | AE85: E7 | AF85: 0.9999 | AG85: 0.8864
B86: 55 | C86: -> | D86: E91 | E86: 1.4553 | F86: 1.1159 | G86: E92 | H86: 0 | I86: 0 | J86: E0 | K86: 0.1614 | L86: 0.1485 | M86: E1 | N86: 0.6741 | O86: 0.5978 | P86: E2 | Q86: 0.1594 | R86: 0.144 | S86: E3 | T86: 0.6758 | U86: 0.6006 | V86: E4 | W86: 0.1591 | X86: 0.1433 | Y86: E5 | Z86: 0.6724 | AA86: 0.5975 | AB86: E6 | AC86: 0.1083 | AD86: 0.0974 | AE86: E7 | AF86: 0.9976 | AG86: 0.8888
B87: 75 | C87: -> | D87: E91 | E87: 1.4706 | F87: 1.1201 | G87: E92 | H87: 0 | I87: 0 | J87: E0 | K87: 0.1602 | L87: 0.1479 | M87: E1 | N87: 0.6739 | O87: 0.5982 | P87: E2 | Q87: 0.1594 | R87: 0.1445 | S87: E3 | T87: 0.6743 | U87: 0.5991 | V87: E4 | W87: 0.1601 | X87: 0.1445 | Y87: E5 | Z87: 0.6734 | AA87: 0.5973 | AB87: E6 | AC87: 0.107 | AD87: 0.0969 | AE87: E7 | AF87: 0.9996 | AG87: 0.8852
B88: 95 | C88: -> | D88: E91 | E88: 1.5065 | F88: 1.0803 | G88: E92 | H88: 0 | I88: 0 | J88: E0 | K88: 0.1605 | L88: 0.149 | M88: E1 | N88: 0.6734 | O88: 0.5987 | P88: E2 | Q88: 0.1601 | R88: 0.1446 | S88: E3 | T88: 0.6738 | U88: 0.5985 | V88: E4 | W88: 0.1609 | X88: 0.1446 | Y88: E5 | Z88: 0.674 | AA88: 0.5975 | AB88: E6 | AC88: 0.1074 | AD88: 0.0971 | AE88: E7 | AF88: 0.9985 | AG88: 0.8826
A89: Média | E89: =AVERAGE(E84:E88) -> 1.48454 | F89: =AVERAGE(F84:F88) -> 1.09762 | K89: =AVERAGE(K84:K88) -> 0.15974 | L89: =AVERAGE(L84:L88) -> 0.14958 | N89: =AVERAGE(N84:N88) -> 0.673 | O89: =AVERAGE(O84:O88) -> 0.59632 | Q89: =AVERAGE(Q84:Q88) -> 0.15924 | R89: =AVERAGE(R84:R88) -> 0.14376 | T89: =AVERAGE(T84:T88) -> 0.67438 | U89: =AVERAGE(U84:U88) -> 0.59598 | W89: =AVERAGE(W84:W88) -> 0.16006 | X89: =AVERAGE(X84:X88) -> 0.1434 | Z89: =AVERAGE(Z84:Z88) -> 0.673 | AA89: =AVERAGE(AA84:AA88) -> 0.59534 | AC89: =AVERAGE(AC84:AC88) -> 0.10758 | AD89: =AVERAGE(AD84:AD88) -> 0.09688 | AF89: =AVERAGE(AF84:AF88) -> 0.99852 | AG89: =AVERAGE(AG84:AG88) -> 0.88472
A90: STD | E90: =_xlfn.STDEV.P(E84:E88) -> 0.018813251 | F90: =_xlfn.STDEV.P(F84:F88) -> 0.016825504 | K90: =_xlfn.STDEV.P(K84:K88) -> 0.0012403225 | L90: =_xlfn.STDEV.P(L84:L88) -> 0.0014105318 | N90: =_xlfn.STDEV.P(N84:N88) -> 0.0011558547 | O90: =_xlfn.STDEV.P(O84:O88) -> 0.0030089201 | Q90: =_xlfn.STDEV.P(Q84:Q88) -> 0.0005535341 | R90: =_xlfn.STDEV.P(R84:R88) -> 0.00077097341 | T90: =_xlfn.STDEV.P(T84:T88) -> 0.001006777 | U90: =_xlfn.STDEV.P(U84:U88) -> 0.0044566355 | W90: =_xlfn.STDEV.P(W84:W88) -> 0.00057131427 | X90: =_xlfn.STDEV.P(X84:X88) -> 0.0010099505 | Z90: =_xlfn.STDEV.P(Z84:Z88) -> 0.00063560994 | AA90: =_xlfn.STDEV.P(AA84:AA88) -> 0.0031903605 | AC90: =_xlfn.STDEV.P(AC84:AC88) -> 0.00042142615 | AD90: =_xlfn.STDEV.P(AD84:AD88) -> 0.00039698866 | AF90: =_xlfn.STDEV.P(AF84:AF88) -> 0.0011160645 | AG90: =_xlfn.STDEV.P(AG84:AG88) -> 0.002869425
A91: SNR (dB) | E91: =20*LOG10(E89/E90) -> 37.942561 | F91: =20*LOG10(F89/F90) -> 36.289678 | K91: =20*LOG10(K89/K90) -> 42.197581 | L91: =20*LOG10(L89/L90) -> 40.509813 | N91: =20*LOG10(N89/N90) -> 55.302237 | O91: =20*LOG10(O89/O90) -> 45.941374 | Q91: =20*LOG10(Q89/Q90) -> 49.178156 | R91: =20*LOG10(R89/R90) -> 45.411973 | T91: =20*LOG10(T89/T90) -> 56.519428 | U91: =20*LOG10(U89/U90) -> 42.524491 | W91: =20*LOG10(W89/W90) -> 48.948155 | X91: =20*LOG10(X89/X90) -> 43.044981 | Z91: =20*LOG10(Z89/Z90) -> 60.496488 | AA91: =20*LOG10(AA89/AA90) -> 45.418506 | AC91: =20*LOG10(AC89/AC90) -> 48.140201 | AD91: =20*LOG10(AD89/AD90) -> 47.74912 | AF91: =20*LOG10(AF89/AF90) -> 59.033349 | AG91: =20*LOG10(AG89/AG90) -> 49.780219
A92: Valor simulado | E92: =(0.000528068)*2*1000 -> 1.056136 | F92: =(0.000527585)*2*1000 -> 1.05517 | K92: 0.1832 | L92: 0.1831 | N92: 0.7081 | O92: 0.7075 | Q92: 0.1832 | R92: 0.1831 | T92: 0.7081 | U92: 0.7075 | W92: 0.1832 | X92: 0.1831 | Z92: 0.7081 | AA92: 0.7075 | AC92: 0.132 | AD92: 0.1319 | AF92: 1.0672 | AG92: 1.0662
A93: Razao de amplitudes medido (V/I) | K93: =K89/$E$89 -> 0.10760235 | L93: =L89/$F$89 -> 0.13627667 | N93: =N89/$E$89 -> 0.45333908 | O93: =O89/$F$89 -> 0.54328456 | Q93: =Q89/$E$89 -> 0.10726555 | R93: =R89/$F$89 -> 0.13097429 | T93: =T89/$E$89 -> 0.45426866 | U93: =U89/$F$89 -> 0.5429748 | W93: =W89/$E$89 -> 0.10781791 | X93: =X89/$F$89 -> 0.13064631 | Z93: =Z89/$E$89 -> 0.45333908 | AA93: =AA89/$F$89 -> 0.54239172 | AC93: =AC89/$E$89 -> 0.072466892 | AD93: =AD89/$F$89 -> 0.088263698 | AF93: =AF89/$E$89 -> 0.67261239 | AG93: =AG89/$F$89 -> 0.80603488
A94: Razao de amplitudes simulado (V/I) | K94: =K92/$E$92 -> 0.17346251 | L94: =L92/$F$92 -> 0.17352654 | N94: =N92/$E$92 -> 0.67046289 | O94: =O92/$F$92 -> 0.67050807 | Q94: =Q92/$E$92 -> 0.17346251 | R94: =R92/$F$92 -> 0.17352654 | T94: =T92/$E$92 -> 0.67046289 | U94: =U92/$F$92 -> 0.67050807 | W94: =W92/$E$92 -> 0.17346251 | X94: =X92/$F$92 -> 0.17352654 | Z94: =Z92/$E$92 -> 0.67046289 | AA94: =AA92/$F$92 -> 0.67050807 | AC94: =AC92/$E$92 -> 0.1249839 | AD94: =AD92/$F$92 -> 0.12500355 | AF94: =AF92/$E$92 -> 1.0104759 | AG94: =AG92/$F$92 -> 1.0104533
A95: Acurácia | F95: =1-((ABS(F92-F89))/F89) -> 0.96132541 | K95: =1-((ABS(K93-K94))/K94) -> 0.62032053 | L95: =1-((ABS(L93-L94))/L94) -> 0.78533618 | N95: =1-((ABS(N93-N94))/N94) -> 0.67615835 | O95: =1-((ABS(O93-O94))/O94) -> 0.81025805 | Q95: =1-((ABS(Q93-Q94))/Q94) -> 0.61837887 | R95: =1-((ABS(R93-R94))/R94) -> 0.75477958 | T95: =1-((ABS(T93-T94))/T94) -> 0.67754482 | U95: =1-((ABS(U93-U94))/U94) -> 0.80979607 | W95: =1-((ABS(W93-W94))/W94) -> 0.62156319 | X95: =1-((ABS(X93-X94))/X94) -> 0.75288948 | Z95: =1-((ABS(Z93-Z94))/Z94) -> 0.67615835 | AA95: =1-((ABS(AA93-AA94))/AA94) -> 0.80892646 | AC95: =1-((ABS(AC93-AC94))/AC94) -> 0.5798098 | AD95: =1-((ABS(AD93-AD94))/AD94) -> 0.70608951 | AF95: =1-((ABS(AF93-AF94))/AF94) -> 0.66563921 | AG95: =1-((ABS(AG93-AG94))/AG94) -> 0.79769632
A97: E0 conectado ao I1 e E7 conectado ao terra
B98: {=_xlfn._xlws.FILTER('Dado Bruto'!A:AF, ('Dado Bruto'!A:A=17) + ('Dado Bruto'!A:A=37) + ('Dado Bruto'!A:A=57)+ ('Dado Bruto'!A:A=77)+ ('Dado Bruto'!A:A=97), "Não encontrado")} -> 17 | C98: -> | D98: E91 | E98: 1.4985 | F98: 1.0746 | G98: E92 | H98: 0 | I98: 0 | J98: E0 | K98: 1.062 | L98: 0.94 | M98: E1 | N98: 0.4571 | O98: 0.4067 | P98: E2 | Q98: 0.9538 | R98: 0.8445 | S98: E3 | T98: 0.4574 | U98: 0.4066 | V98: E4 | W98: 0.9627 | X98: 0.8533 | Y98: E5 | Z98: 0.4573 | AA98: 0.4057 | AB98: E6 | AC98: 0.9602 | AD98: 0.8512 | AE98: E7 | AF98: 0.1057 | AG98: 0.095
B99: 37 | C99: -> | D99: E91 | E99: 1.5215 | F99: 1.0703 | G99: E92 | H99: 0 | I99: 0 | J99: E0 | K99: 1.0626 | L99: 0.94 | M99: E1 | N99: 0.4564 | O99: 0.4057 | P99: E2 | Q99: 0.9557 | R99: 0.8468 | S99: E3 | T99: 0.4581 | U99: 0.4062 | V99: E4 | W99: 0.9641 | X99: 0.8554 | Y99: E5 | Z99: 0.4568 | AA99: 0.4058 | AB99: E6 | AC99: 0.9542 | AD99: 0.845 | AE99: E7 | AF99: 0.1057 | AG99: 0.095
B100: 57 | C100: -> | D100: E91 | E100: 1.5238 | F100: 1.0648 | G100: E92 | H100: 0 | I100: 0 | J100: E0 | K100: 1.0668 | L100: 0.9427 | M100: E1 | N100: 0.4567 | O100: 0.4064 | P100: E2 | Q100: 0.9586 | R100: 0.8495 | S100: E3 | T100: 0.4573 | U100: 0.4072 | V100: E4 | W100: 0.9568 | X100: 0.847 | Y100: E5 | Z100: 0.4653 | AA100: 0.4145 | AB100: E6 | AC100: 0.9564 | AD100: 0.8489 | AE100: E7 | AF100: 0.1042 | AG100: 0.0951
B101: 77 | C101: -> | D101: E91 | E101: 1.5234 | F101: 1.0625 | G101: E92 | H101: 0 | I101: 0 | J101: E0 | K101: 1.0634 | L101: 0.9398 | M101: E1 | N101: 0.4569 | O101: 0.4072 | P101: E2 | Q101: 0.9609 | R101: 0.8545 | S101: E3 | T101: 0.4565 | U101: 0.4074 | V101: E4 | W101: 0.9624 | X101: 0.8547 | Y101: E5 | Z101: 0.4558 | AA101: 0.4054 | AB101: E6 | AC101: 0.9613 | AD101: 0.8527 | AE101: E7 | AF101: 0.1078 | AG101: 0.0997
B102: 97 | C102: -> | D102: E91 | E102: 1.5187 | F102: 1.0662 | G102: E92 | H102: 0 | I102: 0 | J102: E0 | K102: 1.0722 | L102: 0.9412 | M102: E1 | N102: 0.457 | O102: 0.4064 | P102: E2 | Q102: 0.9613 | R102: 0.8529 | S102: E3 | T102: 0.4578 | U102: 0.4071 | V102: E4 | W102: 0.9566 | X102: 0.8464 | Y102: E5 | Z102: 0.4574 | AA102: 0.4057 | AB102: E6 | AC102: 0.9606 | AD102: 0.8519 | AE102: E7 | AF102: 0.1058 | AG102: 0.0942
A103: Média | E103: =AVERAGE(E98:E102) -> 1.51718 | F103: =AVERAGE(F98:F102) -> 1.06768 | K103: =AVERAGE(K98:K102) -> 1.0654 | L103: =AVERAGE(L98:L102) -> 0.94074 | N103: =AVERAGE(N98:N102) -> 0.45682 | O103: =AVERAGE(O98:O102) -> 0.40648 | Q103: =AVERAGE(Q98:Q102) -> 0.95806 | R103: =AVERAGE(R98:R102) -> 0.84964 | T103: =AVERAGE(T98:T102) -> 0.45742 | U103: =AVERAGE(U98:U102) -> 0.4069 | W103: =AVERAGE(W98:W102) -> 0.96052 | X103: =AVERAGE(X98:X102) -> 0.85136 | Z103: =AVERAGE(Z98:Z102) -> 0.45852 | AA103: =AVERAGE(AA98:AA102) -> 0.40742 | AC103: =AVERAGE(AC98:AC102) -> 0.95854 | AD103: =AVERAGE(AD98:AD102) -> 0.84994 | AF103: =AVERAGE(AF98:AF102) -> 0.10584 | AG103: =AVERAGE(AG98:AG102) -> 0.0958
A104: STD | E104: =_xlfn.STDEV.P(E98:E102) -> 0.0095123919 | F104: =_xlfn.STDEV.P(F98:F102) -> 0.0042911071 | K104: =_xlfn.STDEV.P(K98:K102) -> 0.0037841776 | L104: =_xlfn.STDEV.P(L98:L102) -> 0.0010983624 | N104: =_xlfn.STDEV.P(N98:N102) -> 0.00024819347 | O104: =_xlfn.STDEV.P(O98:O102) -> 0.0004874423 | Q104: =_xlfn.STDEV.P(Q98:Q102) -> 0.0029179445 | R104: =_xlfn.STDEV.P(R98:R102) -> 0.0037081532 | T104: =_xlfn.STDEV.P(T98:T102) -> 0.00054184869 | U104: =_xlfn.STDEV.P(U98:U102) -> 0.00043817805 | W104: =_xlfn.STDEV.P(W98:W102) -> 0.0031720025 | X104: =_xlfn.STDEV.P(X98:X102) -> 0.0038691601 | Z104: =_xlfn.STDEV.P(Z98:Z102) -> 0.0034370918 | AA104: =_xlfn.STDEV.P(AA98:AA102) -> 0.0035425415 | AC104: =_xlfn.STDEV.P(AC98:AC102) -> 0.0027579703 | AD104: =_xlfn.STDEV.P(AD98:AD102) -> 0.0027760403 | AF104: =_xlfn.STDEV.P(AF98:AF102) -> 0.0011464729 | AG104: =_xlfn.STDEV.P(AG98:AG102) -> 0.0019768662
A105: SNR (dB) | E105: =20*LOG10(E103/E104) -> 44.054947 | F105: =20*LOG10(F103/F104) -> 47.917435 | K105: =20*LOG10(K103/K104) -> 48.990824 | L105: =20*LOG10(L103/L104) -> 58.654479 | N105: =20*LOG10(N103/N104) -> 65.299095 | O105: =20*LOG10(O103/O104) -> 58.422319 | Q105: =20*LOG10(Q103/Q104) -> 50.326314 | R105: =20*LOG10(R103/R104) -> 47.201546 | T105: =20*LOG10(T103/T104) -> 58.528742 | U105: =20*LOG10(U103/U104) -> 59.356742 | W105: =20*LOG10(W103/W104) -> 49.623458 | X105: =20*LOG10(X103/X104) -> 46.849931 | Z105: =20*LOG10(Z103/Z104) -> 42.503343 | AA105: =20*LOG10(AA103/AA104) -> 41.214548 | AC105: =20*LOG10(AC103/AC104) -> 50.820413 | AD105: =20*LOG10(AD103/AD104) -> 49.71925 | AF105: =20*LOG10(AF103/AF104) -> 39.305721 | AG105: =20*LOG10(AG103/AG104) -> 33.707765
...

Sheet Sheet1

Sheet CONFIGURACAO

Sheet Acurácia
A1: CORRENTE
A2: Média | F2: 1.2322 | G2: 1.35504
A3: Valor simulado | F3: 1.056 | G3: 1.0528
A4: Acurácia | F4: 0.83314394 | G4: 0.71291793
A6: E1 conectado ao I1 e E0 conectado ao terra | F6: TERRA | I6: INJECAO CORRENTE | L6: I - A | O6: I - B | R6: I - A | U6: I - B | X6: I - A | AA6: I - B
A7: Média | F7: 0.10584 | G7: 0.1081 | I7: 0.97596 | J7: 0.9943 | L7: 0.27326 | M7: 0.27846 | O7: 0.77508 | P7: 0.78904 | R7: 0.27466 | S7: 0.27906 | U7: 0.77774 | V7: 0.78914 | X7: 0.27578 | Y7: 0.2795 | AA7: 0.77658 | AB7: 0.78886 | AD7: 0.27456667 | AF7: 0.27900667
A8: Valor simulado | F8: 0.132 | G8: 0.1316 | I8: 1.0977 | J8: 1.0943 | L8: 0.3057 | M8: 0.3048 | O8: 0.8305 | P8: 0.828 | R8: 0.3057 | S8: 0.3048 | U8: 0.8305 | V8: 0.828 | X8: 0.3057 | Y8: 0.3048 | AA8: 0.8305 | AB8: 0.828
A9: Acurácia | F9: 0.75283447 | G9: 0.7826087 | I9: 0.87526128 | J9: 0.89942673 | L9: 0.88128522 | M9: 0.90540832 | O9: 0.9284977 | P9: 0.95062354 | R9: 0.88698755 | S9: 0.90776177 | U9: 0.93216242 | V9: 0.95075652 | X9: 0.89150772 | Y9: 0.90948122 | AA9: 0.93056736 | AB9: 0.9503841
A11: E2 conectado ao I1 e E1 conectado ao terra | F11: I - B | I11: TERRA | L11: INJECAO CORRENTE | O11: I - A | R11: I - B | U11: I - A | X11: I - B | AA11: I - A
A12: Média | F12: 0.8647 | G12: 0.87924 | I12: 0.10562 | J12: 0.1072 | L12: 0.92578 | M12: 0.94158 | O12: 0.36312 | P12: 0.36964 | R12: 0.86636 | S12: 0.88176 | U12: 0.36426 | V12: 0.36892 | X12: 0.8627 | Y12: 0.87702 | AA12: 0.36292 | AB12: 0.37054
A13: Valor simulado | F13: 0.9241 | G13: 0.9213 | I13: 0.132 | J13: 0.1316 | L13: 0.9996 | M13: 0.9965 | O13: 0.3992 | P13: 0.398 | R13: 0.9241 | S13: 0.9213 | U13: 0.3992 | V13: 0.398 | X13: 0.9241 | Y13: 0.9213 | AA13: 0.3992 | AB13: 0.398
A14: Acurácia | F14: 0.93130566 | G14: 0.95216323 | I14: 0.7502367 | J14: 0.77238806 | L14: 0.92026183 | M14: 0.94167251 | O14: 0.90063891 | P14: 0.9232767 | R14: 0.93335334 | S14: 0.95515787 | U14: 0.9040795 | V14: 0.92117532 | X14: 0.9288281 | Y14: 0.94951084 | AA14: 0.90003307 | AB14: 0.92589194
A16: E3 conectado ao I1 e E2 conectado ao terra | L16: TERRA | O16: INJECAO CORRENTE | R16: I +1 | U16: I +2
A17: Média | F17: 0.18406 | G17: 0.18668 | I17: 0.68524 | J17: 0.69704 | L17: 0.10554 | M17: 0.1077 | O17: 0.80146 | P17: 0.81348 | R17: 0.18294 | S17: 0.18676 | U17: 0.68474 | V17: 0.69808 | X17: 0.1825 | Y17: 0.18572 | AA17: 0.6854 | AB17: 0.69704
A18: Valor simulado | F18: 0.2076 | G18: 0.2069 | I18: 0.7326 | J18: 0.7303 | L18: 0.132 | M18: 0.1316 | O18: 0.8472 | P18: 0.8446 | R18: 0.2076 | S18: 0.2069 | U18: 0.7326 | V18: 0.7303 | X18: 0.2076 | Y18: 0.2069 | AA18: 0.7326 | AB18: 0.7303
A19: Acurácia | F19: 0.87210692 | G19: 0.89168631 | I19: 0.93088553 | J19: 0.95228394 | L19: 0.74928937 | M19: 0.77808728 | O19: 0.94292915 | P19: 0.9617446 | R19: 0.86520171 | S19: 0.89216106 | U19: 0.93010486 | V19: 0.95384483 | X19: 0.86246575 | Y19: 0.88595736 | AA19: 0.9311351 | AB19: 0.95228394
A21: E4 conectado ao I1 e E3 conectado ao terra | O21: TERRA | R21: INJECAO CORRENTE | U21: I +1 | X21: I +2
A22: Média | F22: 0.725 | G22: 0.73846 | I22: 0.22144 | J22: 0.2256 | L22: 0.72156 | M22: 0.73626 | O22: 0.10824 | P22: 0.11012 | R22: 0.86212 | S22: 0.87736 | U22: 0.22168 | V22: 0.22612 | X22: 0.72378 | Y22: 0.736 | AA22: 0.22246 | AB22: 0.2246
A23: Valor simulado | F23: 0.7716 | G23: 0.7693 | I23: 0.2466 | J23: 0.2459 | L23: 0.7716 | M23: 0.7693 | O23: 0.132 | P23: 0.1316 | R23: 0.9094 | S23: 0.9067 | U23: 0.2466 | V23: 0.2459 | X23: 0.7716 | Y23: 0.7693 | AA23: 0.2466 | AB23: 0.2459
A24: Acurácia | F24: 0.93572414 | G24: 0.95823741 | I24: 0.88638006 | J24: 0.91001773 | L24: 0.93065026 | M24: 0.95512455 | O24: 0.7804878 | P24: 0.80494007 | R24: 0.94515845 | S24: 0.96655877 | U24: 0.88758571 | V24: 0.91252432 | X24: 0.9339302 | Y24: 0.95475543 | AA24: 0.89148611 | AB24: 0.90516474
A26: E5 conectado ao I1 e E4 conectado ao terra | R26: TERRA | U26: INJECAO CORRENTE | X26: I +1 | AA26: I +2
A27: Média | F27: 0.24084 | G27: 0.24518 | I27: 0.74202 | J27: 0.75356 | L27: 0.23818 | M27: 0.24296 | O27: 0.74232 | P27: 0.75492 | R27: 0.10338 | S27: 0.10442 | U27: 0.94406 | V27: 0.95938 | X27: 0.2408 | Y27: 0.24358 | AA27: 0.74218 | AB27: 0.75264
A28: Valor simulado | F28: 0.2698 | G28: 0.269 | I28: 0.7947 | J28: 0.7922 | L28: 0.2698 | M28: 0.269 | O28: 0.7947 | P28: 0.7922 | R28: 0.132 | S28: 0.1316 | U28: 1.0407 | V28: 1.0375 | X28: 0.2698 | Y28: 0.269 | AA28: 0.7947 | AB28: 0.7922
A29: Acurácia | F29: 0.87975419 | G29: 0.90284689 | I29: 0.92900461 | J29: 0.94872339 | L29: 0.86724326 | M29: 0.89282186 | O29: 0.92943744 | P29: 0.95061728 | R29: 0.72315728 | S29: 0.73970504 | U29: 0.89763362 | V29: 0.91857241 | X29: 0.87956811 | Y29: 0.89564004 | AA29: 0.9292355 | AB29: 0.94743835
A31: E6 conectado ao I1 e E5 conectado ao terra | F31: I +2 | U31: TERRA | X31: INJECAO CORRENTE | AA31: I +1
A32: Média | F32: 0.842 | G32: 0.85752 | I32: 0.33806 | J32: 0.3436 | L32: 0.83886 | M32: 0.85436 | O32: 0.33928 | P32: 0.34442 | R32: 0.84346 | S32: 0.85634 | U32: 0.10302 | V32: 0.105 | X32: 0.89702 | Y32: 0.91232 | AA32: 0.33734 | AB32: 0.34456
A33: Valor simulado | F33: 0.903 | G33: 0.9003 | I33: 0.3781 | J33: 0.377 | L33: 0.903 | M33: 0.9003 | O33: 0.3781 | P33: 0.377 | R33: 0.903 | S33: 0.9003 | U33: 0.132 | V33: 0.1316 | X33: 0.9543 | Y33: 0.9513 | AA33: 0.3781 | AB33: 0.377
A34: Acurácia | F34: 0.92755344 | G34: 0.95011195 | I34: 0.88155949 | J34: 0.90279395 | L34: 0.92353909 | M34: 0.94622876 | O34: 0.88558123 | P34: 0.90540619 | R34: 0.92940981 | S34: 0.94866525 | U34: 0.7186954 | V34: 0.74666667 | X34: 0.93614412 | Y34: 0.95727376 | AA34: 0.87917235 | AB34: 0.90585094
A36: E7 conectado ao I1 e E6 conectado ao terra | F36: I +1 | I36: I +2 | X36: TERRA | AA36: INJECAO CORRENTE
A37: Média | F37: 0.17614 | G37: 0.17922 | I37: 0.67844 | J37: 0.6898 | L37: 0.17542 | M37: 0.17842 | O37: 0.67908 | P37: 0.69058 | R37: 0.17544 | S37: 0.17812 | U37: 0.67804 | V37: 0.68964 | X37: 0.1035 | Y37: 0.10482 | AA37: 0.96664 | AB37: 0.9868
A38: Valor simulado | F38: 0.1833 | G38: 0.1828 | I38: 0.7085 | J38: 0.7063 | L38: 0.1833 | M38: 0.1828 | O38: 0.7085 | P38: 0.7063 | R38: 0.1833 | S38: 0.1828 | U38: 0.7085 | V38: 0.7063 | X38: 0.1321 | Y38: 0.1317 | AA38: 0.7084 | AB38: 0.7063
A39: Acurácia | F39: 0.95935052 | G39: 0.98002455 | I39: 0.95569247 | J39: 0.97608002 | L39: 0.95507924 | M39: 0.97545118 | O39: 0.95667668 | P39: 0.97723653 | R39: 0.95519836 | S39: 0.97372558 | U39: 0.9550764 | V39: 0.97584247 | X39: 0.7236715 | Y39: 0.74356039 | AA39: 0.7328478 | AB39: 0.71574787
A41: E0 conectado ao I1 e E7 conectado ao terra | F41: INJECAO CORRENTE | I41: I +1 | L41: I +2 | AA41: TERRA
A42: Média | F42: 1.01556 | G42: 1.04206 | I42: 0.44752 | J42: 0.4555 | L42: 0.91928 | M42: 0.93628 | O42: 0.44872 | P42: 0.45522 | R42: 0.92172 | S42: 0.93906 | U42: 0.44764 | V42: 0.45558 | X42: 0.91874 | Y42: 0.93612 | AA42: 0.103 | AB42: 0.10546
A43: Valor simulado | F43: 1.1894 | G43: 1.1858 | I43: 0.491 | J43: 0.4895 | L43: 1.0157 | M43: 1.0126 | O43: 0.491 | P43: 0.4895 | R43: 1.0157 | S43: 1.0126 | U43: 0.491 | V43: 0.4895 | X43: 1.0157 | Y43: 1.0126 | AA43: 0.132 | AB43: 0.1316
A44: Acurácia | F44: 0.82882351 | G44: 0.86206169 | I44: 0.90284233 | J44: 0.92535675 | L44: 0.89511357 | M44: 0.91848592 | O44: 0.90577643 | P44: 0.92469575 | R44: 0.89803845 | S44: 0.92168765 | U44: 0.90313645 | V44: 0.92554546 | X44: 0.89446416 | Y44: 0.91830107 | AA44: 0.7184466 | AB44: 0.75213351
C50: E1-I e E0 - T | D50: E2-I e E1 - T | E50: E3-I e E2- T | F50: E4-I e E3- T | G50: E5-I e E4- T | H50: E6-I e E5- T | I50: E7-I e E6- T | J50: E0-I e E7- T
A51: TERRA | B51: FREQ 1
B52: FREQ 2
A53: INJECAO CORRENTE | B53: FREQ 1
B54: FREQ 2
A55: ELETRODOS PARES | B55: FREQ 1
B56: FREQ 2
A57: ELETRODOS IMPARES | B57: FREQ 1
B58: FREQ 2

Sheet DP
A1: CORRENTE
B2: 1 | C2: -> | D2: 0 | E2: E91 | F2: 1.2126 | G2: 1.3916 | H2: E92 | I2: 0 | J2: 0 | K2: 0 | L2: 0 | M2: 0 | N2: 0 | O2: 0 | P2: 0 | Q2: 0 | R2: 0 | S2: 0 | T2: 0 | U2: 0 | V2: 0 | W2: 0 | X2: 0 | Y2: 0 | Z2: 0 | AA2: 0 | AB2: 0
B3: 21 | C3: -> | D3: 0 | E3: E91 | F3: 1.2247 | G3: 1.3672 | H3: E92 | I3: 0 | J3: 0 | K3: 0 | L3: 0 | M3: 0 | N3: 0 | O3: 0 | P3: 0 | Q3: 0 | R3: 0 | S3: 0 | T3: 0 | U3: 0 | V3: 0 | W3: 0 | X3: 0 | Y3: 0 | Z3: 0 | AA3: 0 | AB3: 0
B4: 41 | C4: -> | D4: 0 | E4: E91 | F4: 1.2406 | G4: 1.3395 | H4: E92 | I4: 0 | J4: 0 | K4: 0 | L4: 0 | M4: 0 | N4: 0 | O4: 0 | P4: 0 | Q4: 0 | R4: 0 | S4: 0 | T4: 0 | U4: 0 | V4: 0 | W4: 0 | X4: 0 | Y4: 0 | Z4: 0 | AA4: 0 | AB4: 0
B5: 61 | C5: -> | D5: 0 | E5: E91 | F5: 1.2489 | G5: 1.328 | H5: E92 | I5: 0 | J5: 0 | K5: 0 | L5: 0 | M5: 0 | N5: 0 | O5: 0 | P5: 0 | Q5: 0 | R5: 0 | S5: 0 | T5: 0 | U5: 0 | V5: 0 | W5: 0 | X5: 0 | Y5: 0 | Z5: 0 | AA5: 0 | AB5: 0
B6: 81 | C6: -> | D6: 0 | E6: E91 | F6: 1.2342 | G6: 1.3489 | H6: E92 | I6: 0 | J6: 0 | K6: 0 | L6: 0 | M6: 0 | N6: 0 | O6: 0 | P6: 0 | Q6: 0 | R6: 0 | S6: 0 | T6: 0 | U6: 0 | V6: 0 | W6: 0 | X6: 0 | Y6: 0 | Z6: 0 | AA6: 0 | AB6: 0
A7: Média | F7: 1.2322 | G7: 1.35504
A8: STD | F8: 0.012600476 | G8: 0.022337645
A9: SNR (dB) | F9: 39.805885 | G9: 35.658294
A10: Valor simulado | F10: 1.056 | G10: 1.0528
A11: Acurácia | F11: 0.83314394 | G11: 0.71291793
A13: E1 conectado ao I1 e E0 conectado ao terra
B14: 3 | C14: -> | D14: 0 | E14: E0 | F14: 0.1058 | G14: 0.1079 | H14: E1 | I14: 0.9861 | J14: 0.9986 | K14: E2 | L14: 0.274 | M14: 0.2784 | N14: E3 | O14: 0.7782 | P14: 0.7908 | Q14: E4 | R14: 0.2755 | S14: 0.2791 | T14: E5 | U14: 0.7769 | V14: 0.7908 | W14: E6 | X14: 0.2756 | Y14: 0.2779 | Z14: E7 | AA14: 0.7783 | AB14: 0.79 | AD14: E2 E4 E6 | AE14: DP | AF14: E2 E4 E6 | AG14: DP | AI14: E3 E5 E7 | AJ14: DP | AK14: E3 E5 E7 | AL14: DP
B15: 23 | C15: -> | D15: 0 | E15: E0 | F15: 0.1057 | G15: 0.1075 | H15: E1 | I15: 0.9815 | J15: 0.9933 | K15: E2 | L15: 0.2714 | M15: 0.2776 | N15: E3 | O15: 0.7755 | P15: 0.7856 | Q15: E4 | R15: 0.2747 | S15: 0.2765 | T15: E5 | U15: 0.7795 | V15: 0.7866 | W15: E6 | X15: 0.2737 | Y15: 0.276 | Z15: E7 | AA15: 0.7773 | AB15: 0.7831 | AD15: 0.27326667 | AF15: 0.2767
B16: 43 | C16: -> | D16: 0 | E16: E0 | F16: 0.1063 | G16: 0.1081 | H16: E1 | I16: 0.9792 | J16: 0.9998 | K16: E2 | L16: 0.2734 | M16: 0.2783 | N16: E3 | O16: 0.7775 | P16: 0.7915 | Q16: E4 | R16: 0.2748 | S16: 0.2794 | T16: E5 | U16: 0.7774 | V16: 0.7895 | W16: E6 | X16: 0.2738 | Y16: 0.279 | Z16: E7 | AA16: 0.7764 | AB16: 0.789 | AD16: 0.274 | AF16: 0.2789
B17: 63 | C17: -> | D17: 0 | E17: E0 | F17: 0.1049 | G17: 0.1091 | H17: E1 | I17: 0.9661 | J17: 0.9886 | K17: E2 | L17: 0.2739 | M17: 0.2789 | N17: E3 | O17: 0.772 | P17: 0.7879 | Q17: E4 | R17: 0.2733 | S17: 0.2812 | T17: E5 | U17: 0.7778 | V17: 0.7886 | W17: E6 | X17: 0.2723 | Y17: 0.2788 | Z17: E7 | AA17: 0.7744 | AB17: 0.7886 | AD17: 0.27316667 | AF17: 0.27963333
B18: 83 | C18: -> | D18: 0 | E18: E0 | F18: 0.1065 | G18: 0.1079 | H18: E1 | I18: 0.9669 | J18: 0.9912 | K18: E2 | L18: 0.2736 | M18: 0.2791 | N18: E3 | O18: 0.7722 | P18: 0.7894 | Q18: E4 | R18: 0.275 | S18: 0.2791 | T18: E5 | U18: 0.7771 | V18: 0.7902 | W18: E6 | X18: 0.2835 | Y18: 0.2858 | Z18: E7 | AA18: 0.7765 | AB18: 0.7936 | AD18: 0.27736667 | AF18: 0.28133333
A19: Média | F19: 0.10584 | G19: 0.1081 | I19: 0.97596 | J19: 0.9943 | L19: 0.27326 | M19: 0.27846 | O19: 0.77508 | P19: 0.78904 | R19: 0.27466 | S19: 0.27906 | U19: 0.77774 | V19: 0.78914 | X19: 0.27578 | Y19: 0.2795 | AA19: 0.77658 | AB19: 0.78886 | AD19: 0.27456667 | AF19: 0.27900667
A20: STD | F20: 0.00055713553 | G20: 0.00053665631 | I20: 0.0080412934 | J20: 0.0042857905 | L20: 0.00095414884 | M20: 0.00052383203 | O20: 0.0025902896 | P20: 0.0021171679 | R20: 0.00073375745 | S20: 0.0015001333 | U20: 0.0009308061 | V20: 0.0014664242 | X20: 0.0039997 | Y20: 0.0033238532 | AA20: 0.0012859238 | AB20: 0.0033773362
A21: SNR (dB) | F21: 45.573779 | G21: 46.082589 | I21: 41.682122 | J21: 47.30973 | L21: 49.139199 | M21: 54.511415 | O21: 49.519964 | P21: 51.426874 | R21: 51.464858 | S21: 45.391355 | U21: 58.439504 | V21: 54.617889 | X21: 36.770707 | Y21: 38.4948 | AA21: 55.619419 | AB21: 47.368513
A22: Valor simulado | F22: 0.132 | G22: 0.1316 | I22: 1.0977 | J22: 1.0943 | L22: 0.3057 | M22: 0.3048 | O22: 0.8305 | P22: 0.828 | R22: 0.3057 | S22: 0.3048 | U22: 0.8305 | V22: 0.828 | X22: 0.3057 | Y22: 0.3048 | AA22: 0.8305 | AB22: 0.828
A23: Acurácia | F23: 0.75283447 | G23: 0.7826087 | I23: 0.87526128 | J23: 0.89942673 | L23: 0.88128522 | M23: 0.90540832 | O23: 0.9284977 | P23: 0.95062354 | R23: 0.88698755 | S23: 0.90776177 | U23: 0.93216242 | V23: 0.95075652 | X23: 0.89150772 | Y23: 0.90948122 | AA23: 0.93056736 | AB23: 0.9503841
A25: E2 conectado ao I1 e E1 conectado ao terra
B26: 5 | C26: -> | D26: 0 | E26: E0 | F26: 0.8631 | G26: 0.8778 | H26: E1 | I26: 0.1055 | J26: 0.1067 | K26: E2 | L26: 0.93 | M26: 0.943 | N26: E3 | O26: 0.3624 | P26: 0.3663 | Q26: E4 | R26: 0.8737 | S26: 0.8859 | T26: E5 | U26: 0.3634 | V26: 0.3683 | W26: E6 | X26: 0.8635 | Y26: 0.8789 | Z26: E7 | AA26: 0.3633 | AB26: 0.3677
B27: 25 | C27: -> | D27: 0 | E27: E0 | F27: 0.8674 | G27: 0.8823 | H27: E1 | I27: 0.1058 | J27: 0.1078 | K27: E2 | L27: 0.9337 | M27: 0.9478 | N27: E3 | O27: 0.363 | P27: 0.3718 | Q27: E4 | R27: 0.8682 | S27: 0.883 | T27: E5 | U27: 0.3637 | V27: 0.3684 | W27: E6 | X27: 0.8647 | Y27: 0.8789 | Z27: E7 | AA27: 0.3621 | AB27: 0.3743
B28: 45 | C28: -> | D28: 0 | E28: E0 | F28: 0.8653 | G28: 0.8796 | H28: E1 | I28: 0.1057 | J28: 0.1065 | K28: E2 | L28: 0.9272 | M28: 0.9448 | N28: E3 | O28: 0.3632 | P28: 0.3713 | Q28: E4 | R28: 0.863 | S28: 0.882 | T28: E5 | U28: 0.3662 | V28: 0.3707 | W28: E6 | X28: 0.8634 | Y28: 0.8757 | Z28: E7 | AA28: 0.3558 | AB28: 0.3706
B29: 65 | C29: -> | D29: 0 | E29: E0 | F29: 0.865 | G29: 0.8798 | H29: E1 | I29: 0.1055 | J29: 0.1077 | K29: E2 | L29: 0.9225 | M29: 0.9394 | N29: E3 | O29: 0.3641 | P29: 0.3696 | Q29: E4 | R29: 0.8664 | S29: 0.8804 | T29: E5 | U29: 0.3649 | V29: 0.3686 | W29: E6 | X29: 0.8627 | Y29: 0.8776 | Z29: E7 | AA29: 0.3698 | AB29: 0.3709
B30: 85 | C30: -> | D30: 0 | E30: E0 | F30: 0.8627 | G30: 0.8767 | H30: E1 | I30: 0.1056 | J30: 0.1073 | K30: E2 | L30: 0.9155 | M30: 0.9329 | N30: E3 | O30: 0.3629 | P30: 0.3692 | Q30: E4 | R30: 0.8605 | S30: 0.8775 | T30: E5 | U30: 0.3631 | V30: 0.3686 | W30: E6 | X30: 0.8592 | Y30: 0.874 | Z30: E7 | AA30: 0.3636 | AB30: 0.3692
A31: Média | F31: 0.8647 | G31: 0.87924 | I31: 0.10562 | J31: 0.1072 | L31: 0.92578 | M31: 0.94158 | O31: 0.36312 | P31: 0.36964 | R31: 0.86636 | S31: 0.88176 | U31: 0.36426 | V31: 0.36892 | X31: 0.8627 | Y31: 0.87702 | AA31: 0.36292 | AB31: 0.37054
A32: STD | F32: 0.0016911535 | G32: 0.0019147846 | I32: 0.00011661904 | J32: 0.00052153619 | L32: 0.0063085339 | M32: 0.0051218747 | O32: 0.00055641711 | P32: 0.0019376274 | R32: 0.0045363421 | S32: 0.0027832355 | U32: 0.0011464729 | V32: 0.00089755223 | X32: 0.0018644034 | Y32: 0.0019114392 | AA32: 0.0044566355 | AB32: 0.0021969069
A33: SNR (dB) | F33: 54.173649 | G33: 53.23975 | I33: 59.139534 | J33: 46.258207 | L33: 43.331587 | M33: 45.288566 | O33: 56.292994 | P33: 45.610174 | R33: 45.619852 | S33: 50.016009 | U33: 50.040954 | V33: 52.277449 | X33: 53.306398 | Y33: 53.23298 | AA33: 38.216076 | AB33: 44.540469
A34: Valor simulado | F34: 0.9241 | G34: 0.9213 | I34: 0.132 | J34: 0.1316 | L34: 0.9996 | M34: 0.9965 | O34: 0.3992 | P34: 0.398 | R34: 0.9241 | S34: 0.9213 | U34: 0.3992 | V34: 0.398 | X34: 0.9241 | Y34: 0.9213 | AA34: 0.3992 | AB34: 0.398
A35: Acurácia | F35: 0.93130566 | G35: 0.95216323 | I35: 0.7502367 | J35: 0.77238806 | L35: 0.92026183 | M35: 0.94167251 | O35: 0.90063891 | P35: 0.9232767 | R35: 0.93335334 | S35: 0.95515787 | U35: 0.9040795 | V35: 0.92117532 | X35: 0.9288281 | Y35: 0.94951084 | AA35: 0.90003307 | AB35: 0.92589194
A37: E3 conectado ao I1 e E2 conectado ao terra
B38: 7 | C38: -> | D38: 0 | E38: E0 | F38: 0.1859 | G38: 0.1864 | H38: E1 | I38: 0.6855 | J38: 0.6964 | K38: E2 | L38: 0.1053 | M38: 0.1075 | N38: E3 | O38: 0.7991 | P38: 0.8103 | Q38: E4 | R38: 0.1832 | S38: 0.1876 | T38: E5 | U38: 0.6844 | V38: 0.6963 | W38: E6 | X38: 0.1824 | Y38: 0.186 | Z38: E7 | AA38: 0.6877 | AB38: 0.6981
B39: 27 | C39: -> | D39: 0 | E39: E0 | F39: 0.1836 | G39: 0.1862 | H39: E1 | I39: 0.6849 | J39: 0.6977 | K39: E2 | L39: 0.1058 | M39: 0.1074 | N39: E3 | O39: 0.8015 | P39: 0.8138 | Q39: E4 | R39: 0.1834 | S39: 0.1861 | T39: E5 | U39: 0.6841 | V39: 0.697 | W39: E6 | X39: 0.1825 | Y39: 0.1858 | Z39: E7 | AA39: 0.6855 | AB39: 0.6954
B40: 47 | C40: -> | D40: 0 | E40: E0 | F40: 0.183 | G40: 0.1864 | H40: E1 | I40: 0.6865 | J40: 0.6966 | K40: E2 | L40: 0.1058 | M40: 0.108 | N40: E3 | O40: 0.8005 | P40: 0.8136 | Q40: E4 | R40: 0.1829 | S40: 0.1862 | T40: E5 | U40: 0.6862 | V40: 0.6982 | W40: E6 | X40: 0.1822 | Y40: 0.1853 | Z40: E7 | AA40: 0.6835 | AB40: 0.698
B41: 67 | C41: -> | D41: 0 | E41: E0 | F41: 0.1837 | G41: 0.1871 | H41: E1 | I41: 0.6849 | J41: 0.6966 | K41: E2 | L41: 0.1045 | M41: 0.1078 | N41: E3 | O41: 0.7998 | P41: 0.8142 | Q41: E4 | R41: 0.1824 | S41: 0.187 | T41: E5 | U41: 0.686 | V41: 0.6978 | W41: E6 | X41: 0.1825 | Y41: 0.1859 | Z41: E7 | AA41: 0.6828 | AB41: 0.6963
B42: 87 | C42: -> | D42: 0 | E42: E0 | F42: 0.1841 | G42: 0.1873 | H42: E1 | I42: 0.6844 | J42: 0.6979 | K42: E2 | L42: 0.1063 | M42: 0.1078 | N42: E3 | O42: 0.8064 | P42: 0.8155 | Q42: E4 | R42: 0.1828 | S42: 0.1869 | T42: E5 | U42: 0.683 | V42: 0.7011 | W42: E6 | X42: 0.1829 | Y42: 0.1856 | Z42: E7 | AA42: 0.6875 | AB42: 0.6974
A43: Média | F43: 0.18406 | G43: 0.18668 | I43: 0.68524 | J43: 0.69704 | L43: 0.10554 | M43: 0.1077 | O43: 0.80146 | P43: 0.81348 | R43: 0.18294 | S43: 0.18676 | U43: 0.68474 | V43: 0.69808 | X43: 0.1825 | Y43: 0.18572 | AA43: 0.6854 | AB43: 0.69704
A44: STD | F44: 0.00098508883 | G44: 0.00043543082 | I44: 0.00072 | J44: 0.00062801274 | L44: 0.00060860496 | M44: 0.00021908902 | O44: 0.0025943014 | P44: 0.0017220918 | R44: 0.00034409301 | S44: 0.0005535341 | U44: 0.0012059851 | V44: 0.0016460863 | X44: 0.00022803509 | Y44: 0.00024819347 | AA44: 0.002003996 | AB44: 0.0010403845
A45: SNR (dB) | F45: 45.42968 | G45: 52.643573 | I45: 59.570204 | J45: 60.905785 | L45: 44.781632 | M45: 53.831902 | O45: 49.797228 | P45: 53.485812 | R45: 54.512656 | S45: 50.56279 | U45: 55.083675 | V45: 52.549052 | X45: 58.065224 | Y45: 57.481366 | AA45: 50.680945 | AB45: 56.521276
A46: Valor simulado | F46: 0.2076 | G46: 0.2069 | I46: 0.7326 | J46: 0.7303 | L46: 0.132 | M46: 0.1316 | O46: 0.8472 | P46: 0.8446 | R46: 0.2076 | S46: 0.2069 | U46: 0.7326 | V46: 0.7303 | X46: 0.2076 | Y46: 0.2069 | AA46: 0.7326 | AB46: 0.7303
A47: Acurácia | F47: 0.87210692 | G47: 0.89168631 | I47: 0.93088553 | J47: 0.95228394 | L47: 0.74928937 | M47: 0.77808728 | O47: 0.94292915 | P47: 0.9617446 | R47: 0.86520171 | S47: 0.89216106 | U47: 0.93010486 | V47: 0.95384483 | X47: 0.86246575 | Y47: 0.88595736 | AA47: 0.9311351 | AB47: 0.95228394
A49: E4 conectado ao I1 e E3 conectado ao terra
B50: 9 | C50: -> | D50: 0 | E50: E0 | F50: 0.7257 | G50: 0.7372 | H50: E1 | I50: 0.2196 | J50: 0.2253 | K50: E2 | L50: 0.7223 | M50: 0.7373 | N50: E3 | O50: 0.1086 | P50: 0.11 | Q50: E4 | R50: 0.8588 | S50: 0.8734 | T50: E5 | U50: 0.2198 | V50: 0.2271 | W50: E6 | X50: 0.7229 | Y50: 0.7355 | Z50: E7 | AA50: 0.2232 | AB50: 0.2241
B51: 29 | C51: -> | D51: 0 | E51: E0 | F51: 0.7238 | G51: 0.7392 | H51: E1 | I51: 0.2215 | J51: 0.2261 | K51: E2 | L51: 0.7152 | M51: 0.7346 | N51: E3 | O51: 0.1082 | P51: 0.1105 | Q51: E4 | R51: 0.8614 | S51: 0.8769 | T51: E5 | U51: 0.2228 | V51: 0.2247 | W51: E6 | X51: 0.7255 | Y51: 0.7353 | Z51: E7 | AA51: 0.2228 | AB51: 0.2271
B52: 49 | C52: -> | D52: 0 | E52: E0 | F52: 0.7253 | G52: 0.7396 | H52: E1 | I52: 0.2212 | J52: 0.2248 | K52: E2 | L52: 0.7233 | M52: 0.7367 | N52: E3 | O52: 0.1082 | P52: 0.1101 | Q52: E4 | R52: 0.8626 | S52: 0.8788 | T52: E5 | U52: 0.2212 | V52: 0.2271 | W52: E6 | X52: 0.722 | Y52: 0.7374 | Z52: E7 | AA52: 0.2241 | AB52: 0.228
B53: 69 | C53: -> | D53: 0 | E53: E0 | F53: 0.7245 | G53: 0.7393 | H53: E1 | I53: 0.2227 | J53: 0.2258 | K53: E2 | L53: 0.7232 | M53: 0.7363 | N53: E3 | O53: 0.108 | P53: 0.1098 | Q53: E4 | R53: 0.8641 | S53: 0.8793 | T53: E5 | U53: 0.2235 | V53: 0.226 | W53: E6 | X53: 0.7247 | Y53: 0.7361 | Z53: E7 | AA53: 0.2197 | AB53: 0.2174
B54: 89 | C54: -> | D54: 0 | E54: E0 | F54: 0.7257 | G54: 0.737 | H54: E1 | I54: 0.2222 | J54: 0.226 | K54: E2 | L54: 0.7238 | M54: 0.7364 | N54: E3 | O54: 0.1082 | P54: 0.1102 | Q54: E4 | R54: 0.8637 | S54: 0.8784 | T54: E5 | U54: 0.2211 | V54: 0.2257 | W54: E6 | X54: 0.7238 | Y54: 0.7357 | Z54: E7 | AA54: 0.2225 | AB54: 0.2264
A55: Média | F55: 0.725 | G55: 0.73846 | I55: 0.22144 | J55: 0.2256 | L55: 0.72156 | M55: 0.73626 | O55: 0.10824 | P55: 0.11012 | R55: 0.86212 | S55: 0.87736 | U55: 0.22168 | V55: 0.22612 | X55: 0.72378 | Y55: 0.736 | AA55: 0.22246 | AB55: 0.2246
A56: STD | F56: 0.00074296702 | G56: 0.00112 | I56: 0.0010594338 | J56: 0.00048579831 | L56: 0.003216582 | M56: 0.00090022219 | O56: 0.00019595918 | P56: 0.00023151674 | R56: 0.0019072493 | S56: 0.0021359775 | U56: 0.0013166624 | V56: 0.00090862534 | X56: 0.0012448293 | Y56: 0.00074833148 | AA56: 0.0014813507 | AB56: 0.0038246568
A57: SNR (dB) | F57: 59.787369 | G57: 56.382179 | I57: 46.403645 | J57: 53.337662 | L57: 47.017556 | M57: 58.25363 | O57: 54.844443 | P57: 53.545676 | R57: 53.103205 | S57: 52.271623 | U57: 44.525041 | V57: 47.919083 | X57: 55.289935 | Y57: 59.855676 | AA57: 43.531881 | AB57: 35.376346
A58: Valor simulado | F58: 0.7716 | G58: 0.7693 | I58: 0.2466 | J58: 0.2459 | L58: 0.7716 | M58: 0.7693 | O58: 0.132 | P58: 0.1316 | R58: 0.9094 | S58: 0.9067 | U58: 0.2466 | V58: 0.2459 | X58: 0.7716 | Y58: 0.7693 | AA58: 0.2466 | AB58: 0.2459
A59: Acurácia | F59: 0.93572414 | G59: 0.95823741 | I59: 0.88638006 | J59: 0.91001773 | L59: 0.93065026 | M59: 0.95512455 | O59: 0.7804878 | P59: 0.80494007 | R59: 0.94515845 | S59: 0.96655877 | U59: 0.88758571 | V59: 0.91252432 | X59: 0.9339302 | Y59: 0.95475543 | AA59: 0.89148611 | AB59: 0.90516474
A61: E5 conectado ao I1 e E4 conectado ao terra
B62: 11 | C62: -> | D62: 0 | E62: E0 | F62: 0.2422 | G62: 0.2455 | H62: E1 | I62: 0.7427 | J62: 0.7517 | K62: E2 | L62: 0.2359 | M62: 0.2428 | N62: E3 | O62: 0.7393 | P62: 0.7522 | Q62: E4 | R62: 0.1033 | S62: 0.105 | T62: E5 | U62: 0.9357 | V62: 0.9503 | W62: E6 | X62: 0.2392 | Y62: 0.2423 | Z62: E7 | AA62: 0.7316 | AB62: 0.7483
B63: 31 | C63: -> | D63: 0 | E63: E0 | F63: 0.2387 | G63: 0.2444 | H63: E1 | I63: 0.7407 | J63: 0.7547 | K63: E2 | L63: 0.2399 | M63: 0.2443 | N63: E3 | O63: 0.7426 | P63: 0.7578 | Q63: E4 | R63: 0.103 | S63: 0.1049 | T63: E5 | U63: 0.9427 | V63: 0.9609 | W63: E6 | X63: 0.2404 | Y63: 0.2445 | Z63: E7 | AA63: 0.7424 | AB63: 0.7583
B64: 51 | C64: -> | D64: 0 | E64: E0 | F64: 0.2412 | G64: 0.2458 | H64: E1 | I64: 0.7426 | J64: 0.7591 | K64: E2 | L64: 0.2388 | M64: 0.2445 | N64: E3 | O64: 0.7438 | P64: 0.7567 | Q64: E4 | R64: 0.1031 | S64: 0.1045 | T64: E5 | U64: 0.9458 | V64: 0.9616 | W64: E6 | X64: 0.2404 | Y64: 0.2424 | Z64: E7 | AA64: 0.7432 | AB64: 0.7487
B65: 71 | C65: -> | D65: 0 | E65: E0 | F65: 0.2422 | G65: 0.2469 | H65: E1 | I65: 0.7427 | J65: 0.7522 | K65: E2 | L65: 0.238 | M65: 0.2441 | N65: E3 | O65: 0.744 | P65: 0.7547 | Q65: E4 | R65: 0.1035 | S65: 0.1038 | T65: E5 | U65: 0.9522 | V65: 0.9673 | W65: E6 | X65: 0.2419 | Y65: 0.2443 | Z65: E7 | AA65: 0.7434 | AB65: 0.7569
B66: 91 | C66: -> | D66: 0 | E66: E0 | F66: 0.2399 | G66: 0.2433 | H66: E1 | I66: 0.7414 | J66: 0.7501 | K66: E2 | L66: 0.2383 | M66: 0.2391 | N66: E3 | O66: 0.7419 | P66: 0.7532 | Q66: E4 | R66: 0.104 | S66: 0.1039 | T66: E5 | U66: 0.9439 | V66: 0.9568 | W66: E6 | X66: 0.2421 | Y66: 0.2444 | Z66: E7 | AA66: 0.7503 | AB66: 0.751
A67: Média | F67: 0.24084 | G67: 0.24518 | I67: 0.74202 | J67: 0.75356 | L67: 0.23818 | M67: 0.24296 | O67: 0.74232 | P67: 0.75492 | R67: 0.10338 | S67: 0.10442 | U67: 0.94406 | V67: 0.95938 | X67: 0.2408 | Y67: 0.24358 | AA67: 0.74218 | AB67: 0.75264
A68: STD | F68: 0.0013632315 | G68: 0.0012319091 | I68: 0.00082316463 | J68: 0.0031391719 | L68: 0.0013105724 | M68: 0.0020195049 | O68: 0.001696349 | P68: 0.0020913154 | R68: 0.0003544009 | S68: 0.00049558047 | U68: 0.0053113463 | V68: 0.0056403546 | X68: 0.0010751744 | Y68: 0.001006777 | AA68: 0.006007462 | AB68: 0.0041768888
A69: SNR (dB) | F69: 44.94318 | G69: 45.978128 | I69: 59.098578 | J69: 47.606055 | L69: 45.188886 | M69: 41.605797 | O69: 52.821519 | P69: 51.149628 | R69: 49.298834 | S69: 46.47339 | U69: 44.995899 | V69: 44.613685 | X69: 47.003551 | Y69: 47.674167 | AA69: 41.836364 | AB69: 45.114688
A70: Valor simulado | F70: 0.2698 | G70: 0.269 | I70: 0.7947 | J70: 0.7922 | L70: 0.2698 | M70: 0.269 | O70: 0.7947 | P70: 0.7922 | R70: 0.132 | S70: 0.1316 | U70: 1.0407 | V70: 1.0375 | X70: 0.2698 | Y70: 0.269 | AA70: 0.7947 | AB70: 0.7922
A71: Acurácia | F71: 0.87975419 | G71: 0.90284689 | I71: 0.92900461 | J71: 0.94872339 | L71: 0.86724326 | M71: 0.89282186 | O71: 0.92943744 | P71: 0.95061728 | R71: 0.72315728 | S71: 0.73970504 | U71: 0.89763362 | V71: 0.91857241 | X71: 0.87956811 | Y71: 0.89564004 | AA71: 0.9292355 | AB71: 0.94743835
A73: E6 conectado ao I1 e E5 conectado ao terra
B74: 13 | C74: -> | D74: 0 | E74: E0 | F74: 0.8412 | G74: 0.856 | H74: E1 | I74: 0.3381 | J74: 0.3434 | K74: E2 | L74: 0.8373 | M74: 0.8536 | N74: E3 | O74: 0.3394 | P74: 0.3432 | Q74: E4 | R74: 0.8418 | S74: 0.8516 | T74: E5 | U74: 0.103 | V74: 0.1047 | W74: E6 | X74: 0.8889 | Y74: 0.907 | Z74: E7 | AA74: 0.3389 | AB74: 0.3439
B75: 33 | C75: -> | D75: 0 | E75: E0 | F75: 0.841 | G75: 0.8562 | H75: E1 | I75: 0.3402 | J75: 0.3465 | K75: E2 | L75: 0.8371 | M75: 0.8543 | N75: E3 | O75: 0.3386 | P75: 0.3453 | Q75: E4 | R75: 0.8417 | S75: 0.8563 | T75: E5 | U75: 0.103 | V75: 0.1047 | W75: E6 | X75: 0.8917 | Y75: 0.9071 | Z75: E7 | AA75: 0.3325 | AB75: 0.3465
B76: 53 | C76: -> | D76: 0 | E76: E0 | F76: 0.8412 | G76: 0.8578 | H76: E1 | I76: 0.3397 | J76: 0.3449 | K76: E2 | L76: 0.8398 | M76: 0.8547 | N76: E3 | O76: 0.3388 | P76: 0.3432 | Q76: E4 | R76: 0.8426 | S76: 0.8573 | T76: E5 | U76: 0.1032 | V76: 0.105 | W76: E6 | X76: 0.8963 | Y76: 0.9121 | Z76: E7 | AA76: 0.3381 | AB76: 0.3437
B77: 73 | C77: -> | D77: 0 | E77: E0 | F77: 0.843 | G77: 0.8592 | H77: E1 | I77: 0.3398 | J77: 0.3444 | K77: E2 | L77: 0.8392 | M77: 0.8553 | N77: E3 | O77: 0.3396 | P77: 0.3446 | Q77: E4 | R77: 0.8466 | S77: 0.8583 | T77: E5 | U77: 0.1036 | V77: 0.1059 | W77: E6 | X77: 0.9012 | Y77: 0.9128 | Z77: E7 | AA77: 0.3382 | AB77: 0.3412
B78: 93 | C78: -> | D78: 0 | E78: E0 | F78: 0.8436 | G78: 0.8584 | H78: E1 | I78: 0.3325 | J78: 0.3388 | K78: E2 | L78: 0.8409 | M78: 0.8539 | N78: E3 | O78: 0.34 | P78: 0.3458 | Q78: E4 | R78: 0.8446 | S78: 0.8582 | T78: E5 | U78: 0.1023 | V78: 0.1047 | W78: E6 | X78: 0.907 | Y78: 0.9226 | Z78: E7 | AA78: 0.339 | AB78: 0.3475
A79: Média | F79: 0.842 | G79: 0.85752 | I79: 0.33806 | J79: 0.3436 | L79: 0.83886 | M79: 0.85436 | O79: 0.33928 | P79: 0.34442 | R79: 0.84346 | S79: 0.85634 | U79: 0.10302 | V79: 0.105 | X79: 0.89702 | Y79: 0.91232 | AA79: 0.33734 | AB79: 0.34456
A80: STD | F80: 0.0010807405 | G80: 0.0012432216 | I80: 0.002870958 | J80: 0.0026007691 | L80: 0.0014623269 | M80: 0.00059866518 | O80: 0.00051536395 | P80: 0.0010665833 | R80: 0.0018842505 | S80: 0.0024775795 | U80: 0.00042142615 | V80: 0.000464758 | X80: 0.0065088862 | Y80: 0.0056834497 | AA80: 0.0024467121 | AB80: 0.0022303363
A81: SNR (dB) | F81: 57.831813 | G81: 56.773914 | I81: 41.419339 | J81: 42.419027 | L81: 55.1729 | M81: 63.089138 | O81: 56.368884 | P81: 50.181871 | R81: 53.018517 | S81: 50.772373 | U81: 47.764001 | V81: 47.079248 | X81: 42.785909 | Y81: 44.110704 | AA81: 42.789699 | AB81: 43.77789
A82: Valor simulado | F82: 0.903 | G82: 0.9003 | I82: 0.3781 | J82: 0.377 | L82: 0.903 | M82: 0.9003 | O82: 0.3781 | P82: 0.377 | R82: 0.903 | S82: 0.9003 | U82: 0.132 | V82: 0.1316 | X82: 0.9543 | Y82: 0.9513 | AA82: 0.3781 | AB82: 0.377
A83: Acurácia | F83: 0.92755344 | G83: 0.95011195 | I83: 0.88155949 | J83: 0.90279395 | L83: 0.92353909 | M83: 0.94622876 | O83: 0.88558123 | P83: 0.90540619 | R83: 0.92940981 | S83: 0.94866525 | U83: 0.7186954 | V83: 0.74666667 | X83: 0.93614412 | Y83: 0.95727376 | AA83: 0.87917235 | AB83: 0.90585094
A85: E7 conectado ao I1 e E6 conectado ao terra
B86: 15 | C86: -> | D86: 0 | E86: E0 | F86: 0.1759 | G86: 0.1794 | H86: E1 | I86: 0.6789 | J86: 0.6895 | K86: E2 | L86: 0.1753 | M86: 0.1782 | N86: E3 | O86: 0.679 | P86: 0.6905 | Q86: E4 | R86: 0.1709 | S86: 0.1755 | T86: E5 | U86: 0.6799 | V86: 0.6894 | W86: E6 | X86: 0.103 | Y86: 0.1045 | Z86: E7 | AA86: 0.9617 | AB86: 0.9835
B87: 35 | C87: -> | D87: 0 | E87: E0 | F87: 0.1766 | G87: 0.1794 | H87: E1 | I87: 0.6784 | J87: 0.6906 | K87: E2 | L87: 0.1754 | M87: 0.1784 | N87: E3 | O87: 0.68 | P87: 0.6898 | Q87: E4 | R87: 0.1782 | S87: 0.1783 | T87: E5 | U87: 0.6788 | V87: 0.6896 | W87: E6 | X87: 0.1036 | Y87: 0.1049 | Z87: E7 | AA87: 0.9617 | AB87: 0.9827
B88: 55 | C88: -> | D88: 0 | E88: E0 | F88: 0.1751 | G88: 0.1779 | H88: E1 | I88: 0.6777 | J88: 0.6883 | K88: E2 | L88: 0.1748 | M88: 0.1772 | N88: E3 | O88: 0.6767 | P88: 0.6899 | Q88: E4 | R88: 0.175 | S88: 0.1783 | T88: E5 | U88: 0.6758 | V88: 0.688 | W88: E6 | X88: 0.1031 | Y88: 0.1046 | Z88: E7 | AA88: 0.9619 | AB88: 0.9849
B89: 75 | C89: -> | D89: 0 | E89: E0 | F89: 0.1756 | G89: 0.1794 | H89: E1 | I89: 0.6781 | J89: 0.6903 | K89: E2 | L89: 0.1754 | M89: 0.1789 | N89: E3 | O89: 0.6804 | P89: 0.6911 | Q89: E4 | R89: 0.1761 | S89: 0.1783 | T89: E5 | U89: 0.6773 | V89: 0.6901 | W89: E6 | X89: 0.1041 | Y89: 0.1049 | Z89: E7 | AA89: 0.9687 | AB89: 0.9891
B90: 95 | C90: -> | D90: 0 | E90: E0 | F90: 0.1775 | G90: 0.18 | H90: E1 | I90: 0.6791 | J90: 0.6903 | K90: E2 | L90: 0.1762 | M90: 0.1794 | N90: E3 | O90: 0.6793 | P90: 0.6916 | Q90: E4 | R90: 0.177 | S90: 0.1802 | T90: E5 | U90: 0.6784 | V90: 0.6911 | W90: E6 | X90: 0.1037 | Y90: 0.1052 | Z90: E7 | AA90: 0.9792 | AB90: 0.9938
A91: Média | F91: 0.17614 | G91: 0.17922 | I91: 0.67844 | J91: 0.6898 | L91: 0.17542 | M91: 0.17842 | O91: 0.67908 | P91: 0.69058 | R91: 0.17544 | S91: 0.17812 | U91: 0.67804 | V91: 0.68964 | X91: 0.1035 | Y91: 0.10482 | AA91: 0.96664 | AB91: 0.9868
A92: STD | F92: 0.0008357033 | G92: 0.00069971423 | I92: 0.00051224994 | J92: 0.00083426614 | L92: 0.00044899889 | M92: 0.00073864741 | O92: 0.0012890306 | P92: 0.0006910861 | R92: 0.0025016794 | S92: 0.0015025312 | U92: 0.0013951344 | V92: 0.0010091581 | X92: 0.00040496913 | Y92: 0.00024819347 | AA92: 0.0068304026 | AB92: 0.0041376322
A93: SNR (dB) | F93: 46.476118 | G93: 48.169315 | I93: 62.440591 | J93: 58.348371 | L93: 51.836677 | M93: 47.660127 | O93: 54.433154 | P93: 59.993637 | R93: 36.917939 | S93: 41.477784 | U93: 53.732785 | V93: 56.693265 | X93: 48.150369 | Y93: 52.513076 | AA93: 43.016369 | AB93: 47.549545
A94: Valor simulado | F94: 0.1833 | G94: 0.1828 | I94: 0.7085 | J94: 0.7063 | L94: 0.1833 | M94: 0.1828 | O94: 0.7085 | P94: 0.7063 | R94: 0.1833 | S94: 0.1828 | U94: 0.7085 | V94: 0.7063 | X94: 0.1321 | Y94: 0.1317 | AA94: 0.7084 | AB94: 0.7063
A95: Acurácia | F95: 0.95935052 | G95: 0.98002455 | I95: 0.95569247 | J95: 0.97608002 | L95: 0.95507924 | M95: 0.97545118 | O95: 0.95667668 | P95: 0.97723653 | R95: 0.95519836 | S95: 0.97372558 | U95: 0.9550764 | V95: 0.97584247 | X95: 0.7236715 | Y95: 0.74356039 | AA95: 0.7328478 | AB95: 0.71574787
A97: E0 conectado ao I1 e E7 conectado ao terra
B98: 17 | C98: -> | D98: 0 | E98: E0 | F98: 1.0163 | G98: 1.0444 | H98: E1 | I98: 0.4472 | J98: 0.4548 | K98: E2 | L98: 0.9213 | M98: 0.9383 | N98: E3 | O98: 0.4477 | P98: 0.4552 | Q98: E4 | R98: 0.9245 | S98: 0.9429 | T98: E5 | U98: 0.4476 | V98: 0.4556 | W98: E6 | X98: 0.9232 | Y98: 0.9391 | Z98: E7 | AA98: 0.1031 | AB98: 0.1045
B99: 37 | C99: -> | D99: 0 | E99: E0 | F99: 1.0073 | G99: 1.0373 | H99: E1 | I99: 0.4478 | J99: 0.455 | K99: E2 | L99: 0.9185 | M99: 0.9352 | N99: E3 | O99: 0.4482 | P99: 0.4552 | Q99: E4 | R99: 0.921 | S99: 0.9384 | T99: E5 | U99: 0.4467 | V99: 0.4549 | W99: E6 | X99: 0.9172 | Y99: 0.9357 | Z99: E7 | AA99: 0.1025 | AB99: 0.1052
B100: 57 | C100: -> | D100: 0 | E100: E0 | F100: 1.012 | G100: 1.0427 | H100: E1 | I100: 0.4477 | J100: 0.4562 | K100: E2 | L100: 0.9167 | M100: 0.9337 | N100: E3 | O100: 0.4477 | P100: 0.4546 | Q100: E4 | R100: 0.9181 | S100: 0.9359 | T100: E5 | U100: 0.4469 | V100: 0.4538 | W100: E6 | X100: 0.9167 | Y100: 0.9334 | Z100: E7 | AA100: 0.1053 | AB100: 0.1065
B101: 77 | C101: -> | D101: 0 | E101: E0 | F101: 1.0175 | G101: 1.0452 | H101: E1 | I101: 0.4477 | J101: 0.4555 | K101: E2 | L101: 0.9174 | M101: 0.9346 | N101: E3 | O101: 0.4482 | P101: 0.456 | Q101: E4 | R101: 0.921 | S101: 0.9367 | T101: E5 | U101: 0.4486 | V101: 0.4573 | W101: E6 | X101: 0.9151 | Y101: 0.9341 | Z101: E7 | AA101: 0.1014 | AB101: 0.107
B102: 97 | C102: -> | D102: 0 | E102: E0 | F102: 1.0247 | G102: 1.0407 | H102: E1 | I102: 0.4472 | J102: 0.456 | K102: E2 | L102: 0.9225 | M102: 0.9396 | N102: E3 | O102: 0.4518 | P102: 0.4551 | Q102: E4 | R102: 0.924 | S102: 0.9414 | T102: E5 | U102: 0.4484 | V102: 0.4563 | W102: E6 | X102: 0.9215 | Y102: 0.9383 | Z102: E7 | AA102: 0.1027 | AB102: 0.1041
A103: Média | F103: 1.01556 | G103: 1.04206 | I103: 0.44752 | J103: 0.4555 | L103: 0.91928 | M103: 0.93628 | O103: 0.44872 | P103: 0.45522 | R103: 0.92172 | S103: 0.93906 | U103: 0.44764 | V103: 0.45558 | X103: 0.91874 | Y103: 0.93612 | AA103: 0.103 | AB103: 0.10546
A104: STD | F104: 0.0058095094 | G104: 0.0028373227 | I104: 0.00026381812 | J104: 0.00054405882 | L104: 0.0022471315 | M104: 0.002269273 | O104: 0.0015561491 | P104: 0.00044899889 | R104: 0.0023267144 | S104: 0.0026911707 | U104: 0.00076576759 | V104: 0.0011923087 | X104: 0.0030754512 | Y104: 0.0022489108 | AA104: 0.0012806248 | AB104: 0.0011217843
A105: SNR (dB) | F105: 44.851322 | G105: 51.29968 | I105: 64.590157 | J105: 58.456851 | L105: 52.236386 | M105: 52.31038 | O105: 49.198484 | P105: 60.119521 | R105: 51.957119 | S105: 50.855042 | U105: 55.336638 | V105: 51.643519 | X105: 49.505676 | Y105: 52.387186 | AA105: 38.108306 | AB105: 39.463568
A106: Valor simulado | F106: 1.1894 | G106: 1.1858 | I106: 0.491 | J106: 0.4895 | L106: 1.0157 | M106: 1.0126 | O106: 0.491 | P106: 0.4895 | R106: 1.0157 | S106: 1.0126 | U106: 0.491 | V106: 0.4895 | X106: 1.0157 | Y106: 1.0126 | AA106: 0.132 | AB106: 0.1316
A107: Acurácia | F107: 0.82882351 | G107: 0.86206169 | I107: 0.90284233 | J107: 0.92535675 | L107: 0.89511357 | M107: 0.91848592 | O107: 0.90577643 | P107: 0.92469575 | R107: 0.89803845 | S107: 0.92168765 | U107: 0.90313645 | V107: 0.92554546 | X107: 0.89446416 | Y107: 0.91830107 | AA107: 0.7184466 | AB107: 0.75213351
F112: Eletrodo de injeção
...

Sheet DP2
AE2: Eletrodos de medição
A3: 1 | B3: -> | D3: E91 | E3: 1.2126 | F3: 1.3916 | G3: E92 | H3: 0 | I3: 0 | AE3: Eletrodos pares | AG3: Eletrodos ímpares
A4: 2 | B4: -> | C4: E1 | D4: I1 | E4: e | F4: E0 | G4: Terra | AE4: FREQ1 | AF4: FREQ2 | AG4: FREQ1 | AH4: FREQ2
A5: 3 | B5: -> | D5: E0 | J5: E2 | K5: 0.274 | L5: 0.2784 | M5: E3 | N5: 0.7782 | O5: 0.7908 | P5: E4 | Q5: 0.2755 | R5: 0.2791 | S5: E5 | T5: 0.7769 | U5: 0.7908 | V5: E6 | W5: 0.2756 | X5: 0.2779 | Y5: E7 | Z5: 0.7783 | AA5: 0.79 | AC5: Eletrodos de injeção | AD5: E1 | AE5: =_xlfn.STDEV.P(E5,K5,Q5,W5) -> 0.00073181661 | AF5: =_xlfn.STDEV.P(F5,L5,R5,X5) -> 0.00049216077 | AG5: =_xlfn.STDEV.P(H5,N5,T5,Z5) -> 0.00063770422 | AH5: =_xlfn.STDEV.P(I5,O5,U5,AA5) -> 0.00037712362
A6: 4 | B6: -> | C6: E2 | D6: I1 | E6: e | F6: E1 | G6: Terra
A7: 5 | B7: -> | D7: E0 | E7: 0.8631 | F7: 0.8778 | M7: E3 | N7: 0.3624 | O7: 0.3663 | P7: E4 | Q7: 0.8737 | R7: 0.8859 | S7: E5 | T7: 0.3634 | U7: 0.3683 | V7: E6 | W7: 0.8635 | X7: 0.8789 | Y7: E7 | Z7: 0.3633 | AA7: 0.3677 | AD7: E2 | AE7: =_xlfn.STDEV.P(E7,K7,Q7,W7) -> 0.0049053259 | AF7: =_xlfn.STDEV.P(F7,L7,R7,X7) -> 0.0035873234 | AG7: =_xlfn.STDEV.P(H7,N7,T7,Z7) -> 0.00044969125 | AH7: =_xlfn.STDEV.P(I7,O7,U7,AA7) -> 0.00083798701
A8: 6 | B8: -> | C8: E3 | D8: I1 | E8: e | F8: E2 | G8: Terra
A9: 7 | B9: -> | D9: E0 | E9: 0.1859 | F9: 0.1864 | G9: E1 | H9: 0.6855 | I9: 0.6964 | P9: E4 | Q9: 0.1832 | R9: 0.1876 | S9: E5 | T9: 0.6844 | U9: 0.6963 | V9: E6 | W9: 0.1824 | X9: 0.186 | Y9: E7 | Z9: 0.6877 | AA9: 0.6981 | AD9: E3 | AE9: =_xlfn.STDEV.P(E9,K9,Q9,W9) -> 0.0014974052 | AF9: =_xlfn.STDEV.P(F9,L9,R9,X9) -> 0.00067986927 | AG9: =_xlfn.STDEV.P(H9,N9,T9,Z9) -> 0.001371941 | AH9: =_xlfn.STDEV.P(I9,O9,U9,AA9) -> 0.00082596745
A10: 8 | B10: -> | C10: E4 | D10: I1 | E10: e | F10: E3 | G10: Terra
A11: 9 | B11: -> | D11: E0 | E11: 0.7257 | F11: 0.7372 | G11: E1 | H11: 0.2196 | I11: 0.2253 | J11: E2 | K11: 0.7223 | L11: 0.7373 | S11: E5 | T11: 0.2198 | U11: 0.2271 | V11: E6 | W11: 0.7229 | X11: 0.7355 | Y11: E7 | Z11: 0.2232 | AA11: 0.2241 | AD11: E4 | AE11: =_xlfn.STDEV.P(E11,K11,Q11,W11) -> 0.0014817407 | AF11: =_xlfn.STDEV.P(F11,L11,R11,X11) -> 0.00082596745 | AG11: =_xlfn.STDEV.P(H11,N11,T11,Z11) -> 0.0016519349 | AH11: =_xlfn.STDEV.P(I11,O11,U11,AA11) -> 0.0012328828
A12: 10 | B12: -> | C12: E5 | D12: I1 | E12: e | F12: E4 | G12: Terra
A13: 11 | B13: -> | D13: E0 | E13: 0.2422 | F13: 0.2455 | G13: E1 | H13: 0.7427 | I13: 0.7517 | J13: E2 | K13: 0.2359 | L13: 0.2428 | M13: E3 | N13: 0.7393 | O13: 0.7522 | V13: E6 | W13: 0.2392 | X13: 0.2423 | Y13: E7 | Z13: 0.7316 | AA13: 0.7483 | AD13: E5 | AE13: =_xlfn.STDEV.P(E13,K13,Q13,W13) -> 0.0025729361 | AF13: =_xlfn.STDEV.P(F13,L13,R13,X13) -> 0.0014055446 | AG13: =_xlfn.STDEV.P(H13,N13,T13,Z13) -> 0.004643514 | AH13: =_xlfn.STDEV.P(I13,O13,U13,AA13) -> 0.0017326922
A14: 12 | B14: -> | C14: E6 | D14: I1 | E14: e | F14: E5 | G14: Terra
A15: 13 | B15: -> | D15: E0 | E15: 0.8412 | F15: 0.856 | G15: E1 | H15: 0.3381 | I15: 0.3434 | J15: E2 | K15: 0.8373 | L15: 0.8536 | M15: E3 | N15: 0.3394 | O15: 0.3432 | P15: E4 | Q15: 0.8418 | R15: 0.8516 | Y15: E7 | Z15: 0.3389 | AA15: 0.3439 | AD15: E6 | AE15: =_xlfn.STDEV.P(E15,K15,Q15,W15) -> 0.0019949937 | AF15: =_xlfn.STDEV.P(F15,L15,R15,X15) -> 0.001798765 | AG15: =_xlfn.STDEV.P(H15,N15,T15,Z15) -> 0.00053541261 | AH15: =_xlfn.STDEV.P(I15,O15,U15,AA15) -> 0.00029439203
A16: 14 | B16: -> | C16: E7 | D16: I1 | E16: e | F16: E6 | G16: Terra
A17: 15 | B17: -> | D17: E0 | E17: 0.1759 | F17: 0.1794 | G17: E1 | H17: 0.6789 | I17: 0.6895 | J17: E2 | K17: 0.1753 | L17: 0.1782 | M17: E3 | N17: 0.679 | O17: 0.6905 | P17: E4 | Q17: 0.1709 | R17: 0.1755 | S17: E5 | T17: 0.6799 | U17: 0.6894 | AD17: E7 | AE17: =_xlfn.STDEV.P(E17,K17,Q17,W17) -> 0.0022291005 | AF17: =_xlfn.STDEV.P(F17,L17,R17,X17) -> 0.0016309506 | AG17: =_xlfn.STDEV.P(H17,N17,T17,Z17) -> 0.00044969125 | AH17: =_xlfn.STDEV.P(I17,O17,U17,AA17) -> 0.00049665548
A18: 16 | B18: -> | C18: E0 | D18: I1 | E18: e | F18: E7 | G18: Terra
A19: 17 | B19: -> | G19: E1 | H19: 0.4472 | I19: 0.4548 | J19: E2 | K19: 0.9213 | L19: 0.9383 | M19: E3 | N19: 0.4477 | O19: 0.4552 | P19: E4 | Q19: 0.9245 | R19: 0.9429 | S19: E5 | T19: 0.4476 | U19: 0.4556 | V19: E6 | W19: 0.9232 | X19: 0.9391 | AD19: E8 | AE19: =_xlfn.STDEV.P(E19,K19,Q19,W19) -> 0.0013140269 | AF19: =_xlfn.STDEV.P(F19,L19,R19,X19) -> 0.0020066556 | AG19: =_xlfn.STDEV.P(H19,N19,T19,Z19) -> 0.00021602469 | AH19: =_xlfn.STDEV.P(I19,O19,U19,AA19) -> 0.00032659863
